"created_by_id","created","modified","category","data","time_zone","id"
"fd7c03c5-88b0-4910-a2a0-07321b7cb226","2021-09-08T23:17:50.901149+00:00","2021-09-08T23:17:50.901182+00:00","user_opened_app","{}","America/Los_Angeles","b8cd3e50-f487-4175-8d00-33bec8702478"
"fd7c03c5-88b0-4910-a2a0-07321b7cb226","2021-09-08T23:17:47.111253+00:00","2021-09-08T23:17:47.111285+00:00","user_opened_app","{}","America/Los_Angeles","41b4276f-ce7b-4199-9c3f-b6312005535c"
"f1578054-3262-4fa7-b075-9d175c695397","2021-09-08T23:16:37.609534+00:00","2021-09-08T23:16:37.609588+00:00","user_added_friend","{\"user_id\":\"648059d1-620c-46df-a370-42e3c53c24eb\"}","UTC","8b5ed5a7-296e-444c-9671-c42cfc780dd2"
"fd7c03c5-88b0-4910-a2a0-07321b7cb226","2021-09-08T23:13:41.924589+00:00","2021-09-08T23:13:41.924622+00:00","user_opened_app","{}","America/Los_Angeles","937a3ad3-4ed1-4487-ab3f-20ac9ae801ac"
"fd7c03c5-88b0-4910-a2a0-07321b7cb226","2021-09-08T23:05:02.082461+00:00","2021-09-08T23:05:02.082492+00:00","user_opened_app","{}","America/Los_Angeles","b2610a5d-1bbb-444c-8615-6d9974c6cf46"
"fd7c03c5-88b0-4910-a2a0-07321b7cb226","2021-09-08T22:55:21.483714+00:00","2021-09-08T22:55:21.483781+00:00","user_opened_app","{}","America/Los_Angeles","7cdfe5ba-debc-444e-8fca-d0f318aa6c0a"
"fd7c03c5-88b0-4910-a2a0-07321b7cb226","2021-09-08T22:53:08.383024+00:00","2021-09-08T22:53:08.383119+00:00","user_opened_app","{}","America/Los_Angeles","4c22f717-84ee-4d91-a8ee-16147f2d4575"
"fd7c03c5-88b0-4910-a2a0-07321b7cb226","2021-09-08T22:50:46.275629+00:00","2021-09-08T22:50:46.275657+00:00","user_viewed_conversations","{}","America/Los_Angeles","269debab-9e77-4851-a59b-9d9aaafc5bca"
"fd7c03c5-88b0-4910-a2a0-07321b7cb226","2021-09-08T22:50:37.621984+00:00","2021-09-08T22:50:37.622024+00:00","user_opened_app","{}","America/Los_Angeles","fcbe25e1-71d6-4ab7-8b2c-7d1cd6d95cc6"
"fd7c03c5-88b0-4910-a2a0-07321b7cb226","2021-09-08T22:47:59.681478+00:00","2021-09-08T22:47:59.681523+00:00","user_opened_app","{}","America/Los_Angeles","f1aa9b6e-7ca4-4c38-bd8e-ba9063cb4f41"
"fd7c03c5-88b0-4910-a2a0-07321b7cb226","2021-09-08T22:35:22.998239+00:00","2021-09-08T22:35:22.998273+00:00","user_opened_app","{}","America/Los_Angeles","9edbfd48-3f64-4b9f-8214-50c45a7f648d"
"fd7c03c5-88b0-4910-a2a0-07321b7cb226","2021-09-08T22:35:20.381684+00:00","2021-09-08T22:35:20.381723+00:00","user_opened_app","{}","America/Los_Angeles","beba9604-2e56-4b9a-8880-376cba8ceea3"
"fd7c03c5-88b0-4910-a2a0-07321b7cb226","2021-09-08T22:33:32.100945+00:00","2021-09-08T22:33:32.100977+00:00","user_opened_app","{}","America/Los_Angeles","0d1c67b4-c417-46c6-a460-5da8ac6853c7"
"fd7c03c5-88b0-4910-a2a0-07321b7cb226","2021-09-08T22:33:21.039142+00:00","2021-09-08T22:33:21.039177+00:00","user_opened_app","{}","America/Los_Angeles","4b63c02b-a705-49b2-a8e7-f1b475574b5b"
"fd7c03c5-88b0-4910-a2a0-07321b7cb226","2021-09-08T22:31:45.913754+00:00","2021-09-08T22:31:45.913795+00:00","user_opened_app","{}","America/Los_Angeles","635b413c-de2c-44ad-b485-219f70fc88ca"
"fd7c03c5-88b0-4910-a2a0-07321b7cb226","2021-09-08T22:26:06.985209+00:00","2021-09-08T22:26:06.985256+00:00","user_opened_app","{}","America/Los_Angeles","82262823-74bb-4266-a2f7-68c264762650"
"fd7c03c5-88b0-4910-a2a0-07321b7cb226","2021-09-08T22:21:11.229135+00:00","2021-09-08T22:21:11.229178+00:00","user_opened_app","{}","America/Los_Angeles","12ecf1e8-8be6-4736-bf14-506bc064b144"
"fd7c03c5-88b0-4910-a2a0-07321b7cb226","2021-09-08T22:20:42.914501+00:00","2021-09-08T22:20:42.914532+00:00","user_opened_app","{}","America/Los_Angeles","824fae74-546c-4db3-bef8-6d46c2d91e69"
"fd7c03c5-88b0-4910-a2a0-07321b7cb226","2021-09-08T21:34:40.290328+00:00","2021-09-08T21:34:40.290372+00:00","user_opened_app","{}","America/Los_Angeles","18267fe5-a47a-46fa-8258-82ec02a2b583"
"f1578054-3262-4fa7-b075-9d175c695397","2021-09-08T21:33:38.706168+00:00","2021-09-08T21:33:38.706322+00:00","user_viewed_conversations","{}","America/Los_Angeles","1dd23f5c-6790-4cee-a887-6a3abe2366c3"
"fd7c03c5-88b0-4910-a2a0-07321b7cb226","2021-09-08T21:33:07.690560+00:00","2021-09-08T21:33:07.690594+00:00","user_opened_app","{}","America/Los_Angeles","b8be5adf-2b60-4411-9f7b-9d62260fc371"
"f1578054-3262-4fa7-b075-9d175c695397","2021-09-08T21:29:22.598775+00:00","2021-09-08T21:29:22.598839+00:00","user_opened_app","{}","America/Los_Angeles","c873b26e-3d51-40f8-a7b9-ef0063127b7c"
"f1578054-3262-4fa7-b075-9d175c695397","2021-09-08T21:29:04.712624+00:00","2021-09-08T21:29:04.712653+00:00","user_opened_app","{}","America/Los_Angeles","afc5beba-e986-46dd-820e-b503fd4ebae8"
"fd7c03c5-88b0-4910-a2a0-07321b7cb226","2021-09-08T21:28:01.395186+00:00","2021-09-08T21:28:01.395220+00:00","user_opened_app","{}","America/Los_Angeles","65a3b6a9-9727-46d0-a69b-0a5e46b2aa58"
"fd7c03c5-88b0-4910-a2a0-07321b7cb226","2021-09-08T21:27:56.623753+00:00","2021-09-08T21:27:56.681039+00:00","user_opened_app","{}","America/Los_Angeles","9e7e3081-259f-4e84-8747-a4eb647621be"
"fd7c03c5-88b0-4910-a2a0-07321b7cb226","2021-09-08T21:23:32.003746+00:00","2021-09-08T21:23:32.003800+00:00","user_opened_app","{}","America/Los_Angeles","195eec8b-4ae0-4c21-a523-72ada87e6964"
"fd7c03c5-88b0-4910-a2a0-07321b7cb226","2021-09-08T21:23:12.900133+00:00","2021-09-08T21:23:12.900173+00:00","user_opened_app","{}","America/Los_Angeles","62231f35-e7ce-455f-9c43-c0474bd33ca5"
"fd7c03c5-88b0-4910-a2a0-07321b7cb226","2021-09-08T21:22:49.300775+00:00","2021-09-08T21:22:49.300830+00:00","user_opened_app","{}","America/Los_Angeles","9ed31ea9-a5c8-4e1c-85ad-2c54ff564200"
"fd7c03c5-88b0-4910-a2a0-07321b7cb226","2021-09-08T21:22:36.026522+00:00","2021-09-08T21:22:36.026551+00:00","user_opened_app","{}","America/Los_Angeles","b08e7403-18af-4ddf-8c3c-45e9d0228b9f"
"fd7c03c5-88b0-4910-a2a0-07321b7cb226","2021-09-08T21:21:46.499172+00:00","2021-09-08T21:21:46.499215+00:00","user_opened_app","{}","America/Los_Angeles","7821160b-02be-4c68-b704-775fdee45c58"
"f1578054-3262-4fa7-b075-9d175c695397","2021-09-08T21:19:51.302449+00:00","2021-09-08T21:19:51.302484+00:00","user_opened_app","{}","America/Los_Angeles","ae41404a-ebbb-472a-bf4d-b119d83131e7"
"f1578054-3262-4fa7-b075-9d175c695397","2021-09-08T21:19:01.031132+00:00","2021-09-08T21:19:01.031166+00:00","user_opened_app","{}","America/Los_Angeles","56269734-b102-4a88-ad8a-d6b6e3859aa0"
"f1578054-3262-4fa7-b075-9d175c695397","2021-09-08T21:18:40.619334+00:00","2021-09-08T21:18:40.619365+00:00","user_opened_app","{}","America/Los_Angeles","e8b31e4b-c858-46f8-8cf7-134b03f684f7"
"fd7c03c5-88b0-4910-a2a0-07321b7cb226","2021-09-08T21:18:33.237089+00:00","2021-09-08T21:18:33.237125+00:00","user_opened_app","{}","America/Los_Angeles","1b37ff48-04d9-4cc3-b670-137a6a642373"
"f1578054-3262-4fa7-b075-9d175c695397","2021-09-08T21:18:18.326429+00:00","2021-09-08T21:18:18.326436+00:00","user_opened_app","{}","America/Los_Angeles","985c9cbe-331c-4030-bddc-ce16f1d5fa61"
"f1578054-3262-4fa7-b075-9d175c695397","2021-09-08T21:18:18.326399+00:00","2021-09-08T21:18:18.326406+00:00","user_opened_app","{}","America/Los_Angeles","82763f7c-d887-4507-8c68-e09cb534efbe"
"f1578054-3262-4fa7-b075-9d175c695397","2021-09-08T21:18:18.326363+00:00","2021-09-08T21:18:18.326374+00:00","user_opened_app","{}","America/Los_Angeles","7ea514ad-eff7-4c26-a17c-f25bc22a136e"
"f1578054-3262-4fa7-b075-9d175c695397","2021-09-08T21:18:18.326324+00:00","2021-09-08T21:18:18.326333+00:00","user_opened_app","{}","America/Los_Angeles","84df8f80-abf3-479b-84eb-f40fa0eb6737"
"f1578054-3262-4fa7-b075-9d175c695397","2021-09-08T21:18:18.326221+00:00","2021-09-08T21:18:18.326256+00:00","user_opened_app","{}","America/Los_Angeles","02fc4d87-c614-48a0-b91f-3209a29c6069"
"fd7c03c5-88b0-4910-a2a0-07321b7cb226","2021-09-08T21:18:16.525093+00:00","2021-09-08T21:18:16.525122+00:00","user_opened_app","{}","America/Los_Angeles","9e694e96-b042-4d3f-97d1-b1be8749bdbf"
"fd7c03c5-88b0-4910-a2a0-07321b7cb226","2021-09-08T21:16:26.924914+00:00","2021-09-08T21:16:26.924945+00:00","user_opened_app","{}","America/Los_Angeles","75f8a2d4-9e18-44cd-b0ba-641ddf6cf082"
"fd7c03c5-88b0-4910-a2a0-07321b7cb226","2021-09-08T21:16:02.923623+00:00","2021-09-08T21:16:02.923654+00:00","user_opened_app","{}","America/Los_Angeles","551b94b2-4644-4c42-bffa-3daf4752357a"
"fd7c03c5-88b0-4910-a2a0-07321b7cb226","2021-09-08T21:15:32.794672+00:00","2021-09-08T21:15:32.794703+00:00","user_opened_app","{}","America/Los_Angeles","efc876a6-984d-4918-97a2-fd482213633c"
"f1578054-3262-4fa7-b075-9d175c695397","2021-09-08T21:09:28.221074+00:00","2021-09-08T21:09:28.221107+00:00","user_opened_app","{}","America/Los_Angeles","1a49e505-ba6f-4612-8f28-730606984407"
"f1578054-3262-4fa7-b075-9d175c695397","2021-09-08T21:09:27.508951+00:00","2021-09-08T21:09:27.508995+00:00","user_opened_app","{}","America/Los_Angeles","5338ade5-3ac9-481a-9d9f-f4a35529b4b6"
"fd7c03c5-88b0-4910-a2a0-07321b7cb226","2021-09-08T21:06:16.118795+00:00","2021-09-08T21:06:16.118844+00:00","user_viewed_chat","{}","America/Los_Angeles","31754b64-328e-47ab-92c4-f5374f205882"
"fd7c03c5-88b0-4910-a2a0-07321b7cb226","2021-09-08T20:50:49.339179+00:00","2021-09-08T20:50:49.339208+00:00","user_viewed_chat","{}","America/Los_Angeles","86b1737b-bd65-49c7-8644-4816d5f3641d"
"fd7c03c5-88b0-4910-a2a0-07321b7cb226","2021-09-08T20:50:48.465778+00:00","2021-09-08T20:50:48.465815+00:00","user_viewed_conversations","{}","America/Los_Angeles","88ebd94d-409e-455a-9b03-27442ab1b64e"
"fd7c03c5-88b0-4910-a2a0-07321b7cb226","2021-09-08T20:50:47.201226+00:00","2021-09-08T20:50:47.201256+00:00","user_opened_app","{}","America/Los_Angeles","3fd1342f-9747-4b1d-a65b-cda01dd8fab1"
"fd7c03c5-88b0-4910-a2a0-07321b7cb226","2021-09-08T20:50:29.296217+00:00","2021-09-08T20:50:29.296248+00:00","user_opened_app","{}","America/Los_Angeles","72313c21-16d0-4486-8910-9d52ce7f005f"
"fd7c03c5-88b0-4910-a2a0-07321b7cb226","2021-09-08T20:48:58.025590+00:00","2021-09-08T20:48:58.025637+00:00","user_viewed_chat","{}","America/Los_Angeles","df0a0857-4acf-44f7-90d1-8790494911f9"
"fd7c03c5-88b0-4910-a2a0-07321b7cb226","2021-09-08T20:48:57.031466+00:00","2021-09-08T20:48:57.031498+00:00","user_viewed_conversations","{}","America/Los_Angeles","308364c6-57ec-41b8-ba93-b57675a6f27c"
"fd7c03c5-88b0-4910-a2a0-07321b7cb226","2021-09-08T20:48:55.302596+00:00","2021-09-08T20:48:55.302643+00:00","user_opened_app","{}","America/Los_Angeles","42b6bc69-dd12-4ffb-b7ad-c77c03043573"
"fd7c03c5-88b0-4910-a2a0-07321b7cb226","2021-09-08T20:46:19.880546+00:00","2021-09-08T20:46:19.880578+00:00","user_viewed_chat","{}","America/Los_Angeles","ff5c261b-8af8-463a-95db-cedb07d003c7"
"fd7c03c5-88b0-4910-a2a0-07321b7cb226","2021-09-08T20:45:27.109062+00:00","2021-09-08T20:45:27.109292+00:00","user_created_message","{}","America/Los_Angeles","45aab497-50a2-43ed-b80f-f10cb20e73e7"
"fd7c03c5-88b0-4910-a2a0-07321b7cb226","2021-09-08T20:45:20.660501+00:00","2021-09-08T20:45:20.660531+00:00","user_viewed_chat","{}","America/Los_Angeles","a1d2464e-4f85-4e76-90b9-948c906d41a7"
"fd7c03c5-88b0-4910-a2a0-07321b7cb226","2021-09-08T20:45:18.455285+00:00","2021-09-08T20:45:18.455325+00:00","user_viewed_contacts","{}","America/Los_Angeles","dea77bd7-9a0f-4f55-b86f-3a751b2d88d4"
"fd7c03c5-88b0-4910-a2a0-07321b7cb226","2021-09-08T20:45:15.988033+00:00","2021-09-08T20:45:15.988074+00:00","user_hid_channel","{}","America/Los_Angeles","9e1c497a-fe3c-4a38-bc11-869aff8ba9bf"
"fd7c03c5-88b0-4910-a2a0-07321b7cb226","2021-09-08T20:45:04.821762+00:00","2021-09-08T20:45:04.821802+00:00","user_viewed_directory","{}","America/Los_Angeles","b881843e-b218-4cee-9202-8008d3c61124"
"fd7c03c5-88b0-4910-a2a0-07321b7cb226","2021-09-08T20:45:01.495240+00:00","2021-09-08T20:45:01.495302+00:00","user_viewed_badges","{}","America/Los_Angeles","930a5721-a8ff-4dce-a592-3ae19285c3a7"
"fd7c03c5-88b0-4910-a2a0-07321b7cb226","2021-09-08T20:44:55.536662+00:00","2021-09-08T20:44:55.536693+00:00","user_viewed_chat","{}","America/Los_Angeles","cc9ba935-917d-45ae-b069-124bd79deb2c"
"fd7c03c5-88b0-4910-a2a0-07321b7cb226","2021-09-08T20:44:53.462346+00:00","2021-09-08T20:44:53.462380+00:00","user_viewed_contacts","{}","America/Los_Angeles","c0965af2-534f-4687-b79a-b9dadee04f4b"
"fd7c03c5-88b0-4910-a2a0-07321b7cb226","2021-09-08T20:44:49.917642+00:00","2021-09-08T20:44:49.917692+00:00","user_viewed_chat","{}","America/Los_Angeles","8e02e1f3-ff5d-475a-b52d-2ef6da2f93c6"
"fd7c03c5-88b0-4910-a2a0-07321b7cb226","2021-09-08T20:44:48.590200+00:00","2021-09-08T20:44:48.590231+00:00","user_viewed_conversations","{}","America/Los_Angeles","057d517e-b846-4f45-9e1b-caa227449d5d"
"fd7c03c5-88b0-4910-a2a0-07321b7cb226","2021-09-08T20:44:47.302989+00:00","2021-09-08T20:44:47.303023+00:00","user_opened_app","{}","America/Los_Angeles","9a02a4bb-d8c2-40e3-92e0-ff1e775b7e9b"
"fd7c03c5-88b0-4910-a2a0-07321b7cb226","2021-09-08T20:44:22.525220+00:00","2021-09-08T20:44:22.525254+00:00","user_viewed_chat","{}","America/Los_Angeles","102ee2a6-2651-4909-b37c-d4b5bbcfe61f"
"fd7c03c5-88b0-4910-a2a0-07321b7cb226","2021-09-08T20:43:16.746196+00:00","2021-09-08T20:43:16.746227+00:00","user_viewed_chat","{}","America/Los_Angeles","94924b06-d390-4e99-a7c5-f51d5d1a5809"
"fd7c03c5-88b0-4910-a2a0-07321b7cb226","2021-09-08T20:41:30.558993+00:00","2021-09-08T20:41:30.559022+00:00","user_created_message","{}","America/Los_Angeles","f723e27d-c4f1-47ac-9f1c-4ffea88e92b0"
"fd7c03c5-88b0-4910-a2a0-07321b7cb226","2021-09-08T20:41:24.872332+00:00","2021-09-08T20:41:24.872361+00:00","user_viewed_chat","{}","America/Los_Angeles","b9b329c1-5636-445b-9110-46c14702ef0a"
"fd7c03c5-88b0-4910-a2a0-07321b7cb226","2021-09-08T20:41:23.761483+00:00","2021-09-08T20:41:23.761513+00:00","user_viewed_conversations","{}","America/Los_Angeles","80da69dc-0caa-4037-a74a-321fa26de531"
"fd7c03c5-88b0-4910-a2a0-07321b7cb226","2021-09-08T20:41:22.605847+00:00","2021-09-08T20:41:22.605879+00:00","user_opened_app","{}","America/Los_Angeles","19cca916-6098-49ea-bc89-acfd48744cf0"
"fd7c03c5-88b0-4910-a2a0-07321b7cb226","2021-09-08T20:36:45.435334+00:00","2021-09-08T20:36:45.435366+00:00","user_created_message","{}","America/Los_Angeles","cb3ad2b3-5aaa-4363-bc25-405480d4d136"
"fd7c03c5-88b0-4910-a2a0-07321b7cb226","2021-09-08T20:36:40.053133+00:00","2021-09-08T20:36:40.053183+00:00","user_viewed_chat","{}","America/Los_Angeles","21229a8d-76b2-495e-8e10-b7bc8c50a055"
"fd7c03c5-88b0-4910-a2a0-07321b7cb226","2021-09-08T20:36:37.981012+00:00","2021-09-08T20:36:37.981041+00:00","user_viewed_chat","{}","America/Los_Angeles","688c3a0f-fad8-4a1b-88a6-c0e2dc29fae2"
"fd7c03c5-88b0-4910-a2a0-07321b7cb226","2021-09-08T20:36:35.379091+00:00","2021-09-08T20:36:35.379121+00:00","user_viewed_chat","{}","America/Los_Angeles","4a403172-ad18-4a68-ab0c-9d44d71ca4a1"
"fd7c03c5-88b0-4910-a2a0-07321b7cb226","2021-09-08T20:36:32.670640+00:00","2021-09-08T20:36:32.670671+00:00","user_viewed_chat","{}","America/Los_Angeles","ae4b44f5-2327-4cd7-843f-8382cdbdf7a1"
"fd7c03c5-88b0-4910-a2a0-07321b7cb226","2021-09-08T20:36:29.487879+00:00","2021-09-08T20:36:29.487910+00:00","user_viewed_chat","{}","America/Los_Angeles","45ca6812-e0e1-482a-ba36-1a43d50f66d3"
"fd7c03c5-88b0-4910-a2a0-07321b7cb226","2021-09-08T20:36:26.055010+00:00","2021-09-08T20:36:26.055040+00:00","user_viewed_conversations","{}","America/Los_Angeles","c721dca8-a030-4343-8c9a-014443aa2b58"
"fd7c03c5-88b0-4910-a2a0-07321b7cb226","2021-09-08T20:36:18.426741+00:00","2021-09-08T20:36:18.426773+00:00","user_opened_app","{}","America/Los_Angeles","2d1abfea-2f85-485d-9989-c7d91ae6a68d"
"fd7c03c5-88b0-4910-a2a0-07321b7cb226","2021-09-08T20:29:30.175984+00:00","2021-09-08T20:29:30.176015+00:00","user_created_message","{}","America/Los_Angeles","88a3b718-e4cb-4da7-a6c7-259a55ada0f2"
"fd7c03c5-88b0-4910-a2a0-07321b7cb226","2021-09-08T20:29:20.532527+00:00","2021-09-08T20:29:20.532560+00:00","user_viewed_chat","{}","America/Los_Angeles","01bf0c7f-4280-4ac8-8dde-8decb44f9954"
"fd7c03c5-88b0-4910-a2a0-07321b7cb226","2021-09-08T20:29:18.838397+00:00","2021-09-08T20:29:18.838436+00:00","user_viewed_conversations","{}","America/Los_Angeles","1b053af2-c131-4002-b589-b95e61a077da"
"fd7c03c5-88b0-4910-a2a0-07321b7cb226","2021-09-08T20:29:17.001631+00:00","2021-09-08T20:29:17.001660+00:00","user_opened_app","{}","America/Los_Angeles","b89480f1-a8bf-4759-b45f-b1b2d75e0235"
"fd7c03c5-88b0-4910-a2a0-07321b7cb226","2021-09-08T20:28:15.219691+00:00","2021-09-08T20:28:15.219752+00:00","user_created_message","{}","America/Los_Angeles","e6ea9250-450c-45da-99c4-39ffe6f54121"
"fd7c03c5-88b0-4910-a2a0-07321b7cb226","2021-09-08T20:28:09.728771+00:00","2021-09-08T20:28:09.728814+00:00","user_viewed_chat","{}","America/Los_Angeles","198b31f2-c698-442c-9828-fe1f57fe6f0f"
"fd7c03c5-88b0-4910-a2a0-07321b7cb226","2021-09-08T20:28:05.944849+00:00","2021-09-08T20:28:05.944879+00:00","user_viewed_conversations","{}","America/Los_Angeles","33dbe66f-d0e2-4437-a7e8-9248164a9c0e"
"fd7c03c5-88b0-4910-a2a0-07321b7cb226","2021-09-08T20:28:04.706455+00:00","2021-09-08T20:28:04.706485+00:00","user_opened_app","{}","America/Los_Angeles","07dca032-2cf5-4dd2-97cf-8a6ef21cd9e5"
"fd7c03c5-88b0-4910-a2a0-07321b7cb226","2021-09-08T20:26:37.196894+00:00","2021-09-08T20:26:37.196924+00:00","user_created_message","{}","America/Los_Angeles","67de90bf-d820-40b6-a09d-ac4971ad5716"
"fd7c03c5-88b0-4910-a2a0-07321b7cb226","2021-09-08T20:26:31.821222+00:00","2021-09-08T20:26:31.821252+00:00","user_viewed_chat","{}","America/Los_Angeles","1ca13ca7-5451-4d8a-a5d7-1269ca5e88d5"
"fd7c03c5-88b0-4910-a2a0-07321b7cb226","2021-09-08T20:26:29.515320+00:00","2021-09-08T20:26:29.515351+00:00","user_viewed_conversations","{}","America/Los_Angeles","40c87fc5-343b-4340-92c2-b49a16bcf029"
"fd7c03c5-88b0-4910-a2a0-07321b7cb226","2021-09-08T20:26:27.997614+00:00","2021-09-08T20:26:27.997643+00:00","user_opened_app","{}","America/Los_Angeles","7f6f2dca-f69c-4a28-b4a6-f039b240021b"
"fd7c03c5-88b0-4910-a2a0-07321b7cb226","2021-09-08T20:25:47.383859+00:00","2021-09-08T20:25:47.383889+00:00","user_opened_app","{}","America/Los_Angeles","f2ad0b12-0c39-4d4f-b2db-bf6f5e9deaee"
"fd7c03c5-88b0-4910-a2a0-07321b7cb226","2021-09-08T20:24:02.739108+00:00","2021-09-08T20:24:02.739138+00:00","user_created_message","{}","America/Los_Angeles","d8f9a932-23e2-428b-bd37-1e0b67234bd2"
"fd7c03c5-88b0-4910-a2a0-07321b7cb226","2021-09-08T20:23:56.015497+00:00","2021-09-08T20:23:56.015528+00:00","user_viewed_chat","{}","America/Los_Angeles","1820db5f-1a04-4add-9a76-840bc3c39216"
"fd7c03c5-88b0-4910-a2a0-07321b7cb226","2021-09-08T20:23:54.501567+00:00","2021-09-08T20:23:54.501601+00:00","user_viewed_conversations","{}","America/Los_Angeles","49217119-a515-4a3d-8b78-c4cf8c20fda7"
"fd7c03c5-88b0-4910-a2a0-07321b7cb226","2021-09-08T20:23:52.903620+00:00","2021-09-08T20:23:52.903652+00:00","user_opened_app","{}","America/Los_Angeles","18cde4a8-0df0-4dc4-b37b-4ee67682a1b4"
"fd7c03c5-88b0-4910-a2a0-07321b7cb226","2021-09-08T20:22:53.273944+00:00","2021-09-08T20:22:53.273977+00:00","user_created_message","{}","America/Los_Angeles","391969c9-203e-47fc-b1ad-3dd8abbd6023"
"fd7c03c5-88b0-4910-a2a0-07321b7cb226","2021-09-08T20:22:47.748512+00:00","2021-09-08T20:22:47.748543+00:00","user_viewed_chat","{}","America/Los_Angeles","22509480-74b9-471d-a095-84f50d4429c0"
"fd7c03c5-88b0-4910-a2a0-07321b7cb226","2021-09-08T20:22:43.885827+00:00","2021-09-08T20:22:43.885864+00:00","user_viewed_chat","{}","America/Los_Angeles","f025237b-7b77-4e05-b226-64647c6d0f99"
"fd7c03c5-88b0-4910-a2a0-07321b7cb226","2021-09-08T20:22:39.777669+00:00","2021-09-08T20:22:39.777699+00:00","user_viewed_conversations","{}","America/Los_Angeles","4b7a2122-042b-41bd-8b59-dc81d5aadce1"
"fd7c03c5-88b0-4910-a2a0-07321b7cb226","2021-09-08T20:22:36.682281+00:00","2021-09-08T20:22:36.682318+00:00","user_opened_app","{}","America/Los_Angeles","18a51f5f-469f-44ac-8433-0566ff286e4b"
"fd7c03c5-88b0-4910-a2a0-07321b7cb226","2021-09-08T19:58:50.206428+00:00","2021-09-08T19:58:50.206460+00:00","user_created_message","{}","America/Los_Angeles","fe2876f8-b1c5-49a6-86c9-f6cfbbd7d0eb"
"fd7c03c5-88b0-4910-a2a0-07321b7cb226","2021-09-08T19:58:43.073079+00:00","2021-09-08T19:58:43.073111+00:00","user_viewed_chat","{}","America/Los_Angeles","3091a389-cf67-4b02-bc4d-e1c0e7b1208f"
"fd7c03c5-88b0-4910-a2a0-07321b7cb226","2021-09-08T19:58:40.081483+00:00","2021-09-08T19:58:40.081517+00:00","user_viewed_chat","{}","America/Los_Angeles","b9e9fbaa-2d89-4226-86ef-2565580807ca"
"fd7c03c5-88b0-4910-a2a0-07321b7cb226","2021-09-08T19:58:36.896367+00:00","2021-09-08T19:58:36.896399+00:00","user_viewed_chat","{}","America/Los_Angeles","f43e9c11-9e1b-4390-b40a-3a1cc8ab7cc3"
"fd7c03c5-88b0-4910-a2a0-07321b7cb226","2021-09-08T19:58:35.597404+00:00","2021-09-08T19:58:35.597457+00:00","user_viewed_conversations","{}","America/Los_Angeles","90d06b2b-910a-4ca5-ac53-7667bde82be7"
"fd7c03c5-88b0-4910-a2a0-07321b7cb226","2021-09-08T19:58:33.907454+00:00","2021-09-08T19:58:33.907500+00:00","user_opened_app","{}","America/Los_Angeles","9b8fb3b5-b1a4-428c-aaa8-0a692f789907"
"fd7c03c5-88b0-4910-a2a0-07321b7cb226","2021-09-08T19:57:46.414407+00:00","2021-09-08T19:57:46.414439+00:00","user_created_message","{}","America/Los_Angeles","862113ba-1727-4157-9319-45cb6e2cd23d"
"fd7c03c5-88b0-4910-a2a0-07321b7cb226","2021-09-08T19:57:39.448856+00:00","2021-09-08T19:57:39.448888+00:00","user_viewed_chat","{}","America/Los_Angeles","aae24611-e024-473d-b157-c27f0eb17115"
"fd7c03c5-88b0-4910-a2a0-07321b7cb226","2021-09-08T19:57:37.080680+00:00","2021-09-08T19:57:37.080710+00:00","user_viewed_conversations","{}","America/Los_Angeles","87068793-5266-4f6e-89f0-e0c59d214bff"
"fd7c03c5-88b0-4910-a2a0-07321b7cb226","2021-09-08T19:57:34.996213+00:00","2021-09-08T19:57:34.996244+00:00","user_opened_app","{}","America/Los_Angeles","20d614bd-aac4-4c56-b8cd-3024f0a3d520"
"fd7c03c5-88b0-4910-a2a0-07321b7cb226","2021-09-08T19:54:15.149870+00:00","2021-09-08T19:54:15.149901+00:00","user_created_message","{}","America/Los_Angeles","8e95138a-778e-4f43-9653-dbc54f99a237"
"fd7c03c5-88b0-4910-a2a0-07321b7cb226","2021-09-08T19:54:00.245710+00:00","2021-09-08T19:54:00.245743+00:00","user_viewed_chat","{}","America/Los_Angeles","a3fea7db-a3f1-4845-bdac-6f58ff143f82"
"fd7c03c5-88b0-4910-a2a0-07321b7cb226","2021-09-08T19:53:57.846807+00:00","2021-09-08T19:53:57.846839+00:00","user_viewed_conversations","{}","America/Los_Angeles","c83a80b6-b688-4194-a482-612ac3492c75"
"fd7c03c5-88b0-4910-a2a0-07321b7cb226","2021-09-08T19:53:54.681587+00:00","2021-09-08T19:53:54.681633+00:00","user_opened_app","{}","America/Los_Angeles","b7e0858d-8385-41c9-8908-5fa3085b79f1"
"fd7c03c5-88b0-4910-a2a0-07321b7cb226","2021-09-08T19:49:55.526602+00:00","2021-09-08T19:49:55.526630+00:00","user_viewed_chat","{}","America/Los_Angeles","8376ac37-daee-479a-9b25-267083d06ac3"
"fd7c03c5-88b0-4910-a2a0-07321b7cb226","2021-09-08T19:49:37.348126+00:00","2021-09-08T19:49:37.348154+00:00","user_viewed_chat","{}","America/Los_Angeles","7dd09a29-5f14-4ffd-8682-b9cc37f09122"
"fd7c03c5-88b0-4910-a2a0-07321b7cb226","2021-09-08T19:46:03.988434+00:00","2021-09-08T19:46:03.988462+00:00","user_viewed_chat","{}","America/Los_Angeles","e4fb053d-6c6a-4367-85fe-bb43dda75816"
"fd7c03c5-88b0-4910-a2a0-07321b7cb226","2021-09-08T19:46:01.309805+00:00","2021-09-08T19:46:01.309855+00:00","user_viewed_conversations","{}","America/Los_Angeles","62579ae6-803e-4d2e-a7bc-b0c9c15650b7"
"fd7c03c5-88b0-4910-a2a0-07321b7cb226","2021-09-08T18:57:02.881105+00:00","2021-09-08T18:57:02.881147+00:00","user_opened_app","{}","America/Los_Angeles","8b324d60-819f-489c-984f-a44f083e761a"
"fd7c03c5-88b0-4910-a2a0-07321b7cb226","2021-09-08T18:56:38.622167+00:00","2021-09-08T18:56:38.622215+00:00","user_opened_app","{}","America/Los_Angeles","92c1750e-5eaf-458b-81d0-47515686c4d0"
"fd7c03c5-88b0-4910-a2a0-07321b7cb226","2021-09-08T18:56:34.742731+00:00","2021-09-08T18:56:34.742767+00:00","user_opened_app","{}","America/Los_Angeles","b299247c-acb9-47df-9764-1f99ae73d731"
"fd7c03c5-88b0-4910-a2a0-07321b7cb226","2021-09-08T18:56:18.622635+00:00","2021-09-08T18:56:18.622661+00:00","user_opened_app","{}","America/Los_Angeles","1d29eb8f-e5c3-4d77-92e1-1a90de3c1293"
"fd7c03c5-88b0-4910-a2a0-07321b7cb226","2021-09-08T18:55:40.281511+00:00","2021-09-08T18:55:40.281567+00:00","user_opened_app","{}","America/Los_Angeles","ab2afde0-1d11-466c-97d1-1dd562ec703d"
"fd7c03c5-88b0-4910-a2a0-07321b7cb226","2021-09-08T18:27:39.391217+00:00","2021-09-08T18:27:39.391252+00:00","user_opened_app","{}","America/Los_Angeles","2cea94d4-374e-4372-a9a0-f73c8b4f2f07"
"fd7c03c5-88b0-4910-a2a0-07321b7cb226","2021-09-08T18:27:34.701301+00:00","2021-09-08T18:27:34.701330+00:00","user_opened_app","{}","America/Los_Angeles","cb9ae1d1-09bb-4e4e-b384-f71bb77b024d"
"fd7c03c5-88b0-4910-a2a0-07321b7cb226","2021-09-08T18:06:43.687315+00:00","2021-09-08T18:06:43.687345+00:00","user_completed_habit","{\"habit_id\":\"7dfd2458-8cf5-42d2-a12e-a34546821507\"}","America/Los_Angeles","b1426b1c-33a1-4b09-bca7-eb3354bb0558"
"fd7c03c5-88b0-4910-a2a0-07321b7cb226","2021-09-08T18:06:38.302308+00:00","2021-09-08T18:06:38.302359+00:00","user_completed_habit","{\"habit_id\":\"20bd3b7b-d9b6-423b-a417-1ad94f159618\"}","America/Los_Angeles","a8fffb5b-25ab-4fe9-b660-3ac9cc5a1169"
"fd7c03c5-88b0-4910-a2a0-07321b7cb226","2021-09-08T18:06:32.406664+00:00","2021-09-08T18:06:32.406698+00:00","user_completed_habit","{\"habit_id\":\"20bd3b7b-d9b6-423b-a417-1ad94f159618\"}","America/Los_Angeles","71e248d8-5353-4cee-a533-cca19f5c94e1"
"fd7c03c5-88b0-4910-a2a0-07321b7cb226","2021-09-08T18:05:20.842030+00:00","2021-09-08T18:05:20.842066+00:00","user_completed_habit","{\"habit_id\":\"e552618a-f1bd-4b06-897b-720cf6b63921\"}","America/Los_Angeles","37fb9c36-cac8-41cd-b4d7-4792cfee665f"
"fd7c03c5-88b0-4910-a2a0-07321b7cb226","2021-09-08T18:05:07.421202+00:00","2021-09-08T18:05:07.421233+00:00","user_completed_habit","{\"habit_id\":\"0d2b96dd-25de-461a-8367-e95d3395e0f5\"}","America/Los_Angeles","9be19388-a07d-4b95-8ca4-e9f7c76c11cc"
"fd7c03c5-88b0-4910-a2a0-07321b7cb226","2021-09-08T18:05:02.439696+00:00","2021-09-08T18:05:02.439727+00:00","user_completed_habit","{\"habit_id\":\"7dfd2458-8cf5-42d2-a12e-a34546821507\"}","America/Los_Angeles","6d93cf9e-389f-4c21-8c9d-58d5054602dc"
"fd7c03c5-88b0-4910-a2a0-07321b7cb226","2021-09-08T18:05:02.405803+00:00","2021-09-08T18:05:02.406209+00:00","user_completed_habit","{\"habit_id\":\"8a83f30c-74f7-40d7-b00f-6e399b246291\"}","America/Los_Angeles","edd3d1d4-3568-499a-958a-5586d153fb8a"
"fd7c03c5-88b0-4910-a2a0-07321b7cb226","2021-09-08T18:05:02.379315+00:00","2021-09-08T18:05:02.379350+00:00","user_completed_habit","{\"habit_id\":\"63c5874d-185a-4b8f-9142-41d6a60ee614\"}","America/Los_Angeles","cf760f55-3463-438c-a88a-d9832a13437e"
"fd7c03c5-88b0-4910-a2a0-07321b7cb226","2021-09-08T18:05:02.345825+00:00","2021-09-08T18:05:02.345859+00:00","user_completed_habit","{\"habit_id\":\"e552618a-f1bd-4b06-897b-720cf6b63921\"}","America/Los_Angeles","c11f24d0-6980-45c4-bd71-22c8e866cddc"
"fd7c03c5-88b0-4910-a2a0-07321b7cb226","2021-09-08T18:05:02.317530+00:00","2021-09-08T18:05:02.317565+00:00","user_completed_habit","{\"habit_id\":\"0d2b96dd-25de-461a-8367-e95d3395e0f5\"}","America/Los_Angeles","18b816de-f79d-4aa6-bc41-609963d9eea6"
"fd7c03c5-88b0-4910-a2a0-07321b7cb226","2021-09-08T18:04:50.160487+00:00","2021-09-08T18:04:50.160525+00:00","user_completed_habit","{\"habit_id\":\"704b795e-4676-412b-a02b-5e8df03b6140\"}","America/Los_Angeles","f67df1ec-fa57-4e7d-8755-70365f0473ed"
"fd7c03c5-88b0-4910-a2a0-07321b7cb226","2021-09-08T18:04:50.137698+00:00","2021-09-08T18:04:50.137730+00:00","user_completed_habit","{\"habit_id\":\"8a83f30c-74f7-40d7-b00f-6e399b246291\"}","America/Los_Angeles","354cb36f-8968-4491-b960-bd942ab472b1"
"fd7c03c5-88b0-4910-a2a0-07321b7cb226","2021-09-08T18:04:50.110333+00:00","2021-09-08T18:04:50.110369+00:00","user_completed_habit","{\"habit_id\":\"63c5874d-185a-4b8f-9142-41d6a60ee614\"}","America/Los_Angeles","ec20a53e-37ba-4da0-b711-b7b110604c59"
"fd7c03c5-88b0-4910-a2a0-07321b7cb226","2021-09-08T18:04:50.083146+00:00","2021-09-08T18:04:50.083181+00:00","user_completed_habit","{\"habit_id\":\"148f8bf4-2dff-48c3-8103-504fa54f2656\"}","America/Los_Angeles","f4ba6b7e-4180-4a32-90cd-533d733dd4fd"
"fd7c03c5-88b0-4910-a2a0-07321b7cb226","2021-09-08T18:04:50.058960+00:00","2021-09-08T18:04:50.058994+00:00","user_completed_habit","{\"habit_id\":\"e552618a-f1bd-4b06-897b-720cf6b63921\"}","America/Los_Angeles","ec4c7840-b1d1-49db-8acf-54c84a4809b9"
"fd7c03c5-88b0-4910-a2a0-07321b7cb226","2021-09-08T18:04:50.032830+00:00","2021-09-08T18:04:50.032863+00:00","user_completed_habit","{\"habit_id\":\"0d2b96dd-25de-461a-8367-e95d3395e0f5\"}","America/Los_Angeles","c042e508-51ad-4d41-b06a-4512ede02bfa"
"fd7c03c5-88b0-4910-a2a0-07321b7cb226","2021-09-08T18:04:38.942448+00:00","2021-09-08T18:04:38.942485+00:00","user_completed_habit","{\"habit_id\":\"4d765364-7b0f-4b74-a3b0-a44983364cf3\"}","America/Los_Angeles","17163bad-60d3-4c28-9209-9c1b8d0a9937"
"fd7c03c5-88b0-4910-a2a0-07321b7cb226","2021-09-08T18:04:34.176791+00:00","2021-09-08T18:04:34.176824+00:00","user_completed_habit","{\"habit_id\":\"4d765364-7b0f-4b74-a3b0-a44983364cf3\"}","America/Los_Angeles","de236704-e252-4c25-bc82-5fc21dbaf66c"
"fd7c03c5-88b0-4910-a2a0-07321b7cb226","2021-09-08T17:54:42.255041+00:00","2021-09-08T17:54:42.255071+00:00","user_completed_habit","{\"habit_id\":\"7328f1aa-6c9c-465c-8247-930456ac79e1\"}","America/Los_Angeles","bbbf5f00-8ef4-4518-8e96-3075d9f22ca6"
"fd7c03c5-88b0-4910-a2a0-07321b7cb226","2021-09-08T17:43:22.550837+00:00","2021-09-08T17:43:22.550867+00:00","user_opened_app","{}","America/Los_Angeles","892eb4c2-3cdf-4b49-8c8e-8180c065f4f3"
"fd7c03c5-88b0-4910-a2a0-07321b7cb226","2021-09-08T17:05:45.195822+00:00","2021-09-08T17:05:45.195856+00:00","user_opened_app","{}","America/Los_Angeles","481eac8b-f30f-408a-9d19-705309aa3010"
"fd7c03c5-88b0-4910-a2a0-07321b7cb226","2021-09-08T16:59:22.093344+00:00","2021-09-08T16:59:22.093383+00:00","user_opened_app","{}","America/Los_Angeles","61d463ae-47bf-45a3-8d8a-ee85abe0fd31"
"fd7c03c5-88b0-4910-a2a0-07321b7cb226","2021-09-08T16:40:46.230497+00:00","2021-09-08T16:40:46.230529+00:00","user_opened_app","{}","America/Los_Angeles","294a3a62-5916-4ed5-848b-f57d40df72fc"
"7f67e560-6ff4-4602-b176-4a3bb8685f2e","2021-09-08T15:13:57.341323+00:00","2021-09-08T15:13:57.341372+00:00","user_viewed_resources","{}","America/Denver","c1f34642-9f49-4719-8b80-33eb286ebf0a"
"7f67e560-6ff4-4602-b176-4a3bb8685f2e","2021-09-08T02:36:32.455483+00:00","2021-09-08T02:36:32.455514+00:00","user_viewed_saved_resources","{}","America/Denver","1a52303c-411c-4dbf-8353-c2d6a28ffd04"
"7f67e560-6ff4-4602-b176-4a3bb8685f2e","2021-09-08T02:35:38.415498+00:00","2021-09-08T02:35:38.415528+00:00","user_viewed_resources","{}","America/Denver","ca2b5261-90b8-42c9-81c1-689d5288770c"
"7f67e560-6ff4-4602-b176-4a3bb8685f2e","2021-09-08T02:35:35.289353+00:00","2021-09-08T02:35:35.289382+00:00","user_opened_app","{}","America/Denver","11a2b573-bdf6-454b-8973-37c7fa00768e"
"7f67e560-6ff4-4602-b176-4a3bb8685f2e","2021-09-08T02:34:43.767422+00:00","2021-09-08T02:34:43.767452+00:00","user_opened_app","{}","America/Denver","d9afeddc-a864-4eaa-8ca0-7ebdc7018c6d"
"7f67e560-6ff4-4602-b176-4a3bb8685f2e","2021-09-08T02:34:27.359736+00:00","2021-09-08T02:34:27.359774+00:00","user_opened_app","{}","America/Denver","4e6b12e9-eab0-4ce3-adf9-c06741ec8886"
"7f67e560-6ff4-4602-b176-4a3bb8685f2e","2021-09-08T02:33:43.466781+00:00","2021-09-08T02:33:43.466816+00:00","user_opened_app","{}","America/Denver","977e304a-774f-433e-b500-ab4724da456b"
"7f67e560-6ff4-4602-b176-4a3bb8685f2e","2021-09-08T02:32:48.700542+00:00","2021-09-08T02:32:48.700573+00:00","user_viewed_badges","{}","America/Denver","b615e5e6-5a7b-4519-a2c4-1a14157458f1"
"7f67e560-6ff4-4602-b176-4a3bb8685f2e","2021-09-08T02:32:46.467756+00:00","2021-09-08T02:32:46.467797+00:00","user_opened_app","{}","America/Denver","f394bf2e-4b2e-481a-9a97-257656f7de3b"
"7f67e560-6ff4-4602-b176-4a3bb8685f2e","2021-09-08T02:32:19.978090+00:00","2021-09-08T02:32:19.978121+00:00","user_viewed_conversations","{}","America/Denver","d714a19c-cf84-42e0-8289-58573e3abd81"
"7f67e560-6ff4-4602-b176-4a3bb8685f2e","2021-09-08T02:32:16.164053+00:00","2021-09-08T02:32:16.164082+00:00","user_opened_app","{}","America/Denver","ed28683b-b11f-492f-b2dc-e7692c99dfc4"
"7f67e560-6ff4-4602-b176-4a3bb8685f2e","2021-09-08T02:18:44.669515+00:00","2021-09-08T02:18:44.669553+00:00","user_opened_app","{}","America/Denver","553530a9-8c5f-4d43-8a3d-571283cfd0bc"
"7f67e560-6ff4-4602-b176-4a3bb8685f2e","2021-09-08T02:14:04.844753+00:00","2021-09-08T02:14:04.844792+00:00","user_opened_app","{}","America/Denver","d2f8c3e5-0b75-485b-87ed-e56e44f3e58a"
"7f67e560-6ff4-4602-b176-4a3bb8685f2e","2021-09-08T00:58:00.690177+00:00","2021-09-08T00:58:00.690218+00:00","user_opened_app","{}","America/Denver","3412a5d4-2d26-403f-bf39-dba438ab8620"
"f1578054-3262-4fa7-b075-9d175c695397","2021-09-08T00:38:09.051786+00:00","2021-09-08T00:38:09.051834+00:00","user_completed_habit","{\"habit_id\":\"37102e37-2f08-4f05-9188-651854f6848e\"}","America/Los_Angeles","87dbb345-4a09-4b80-b372-5df1cf229f94"
"f1578054-3262-4fa7-b075-9d175c695397","2021-09-08T00:37:54.270923+00:00","2021-09-08T00:37:54.270957+00:00","user_updated_habits","{}","America/Los_Angeles","b14cd1fe-0b4d-48b3-a96a-dd644b4423b4"
"f1578054-3262-4fa7-b075-9d175c695397","2021-09-08T00:34:45.779026+00:00","2021-09-08T00:34:45.779059+00:00","user_completed_habit","{\"habit_id\":\"0d2b96dd-25de-461a-8367-e95d3395e0f5\"}","America/Los_Angeles","42901413-bf48-4ed5-ae6a-dfe1d0feec32"
"f1578054-3262-4fa7-b075-9d175c695397","2021-09-08T00:34:01.039337+00:00","2021-09-08T00:34:01.039376+00:00","user_completed_habit","{\"habit_id\":\"704b795e-4676-412b-a02b-5e8df03b6140\"}","America/Los_Angeles","81e1b697-38ba-4fbe-855d-653fd504a9dd"
"f1578054-3262-4fa7-b075-9d175c695397","2021-09-08T00:33:51.654174+00:00","2021-09-08T00:33:51.654210+00:00","user_completed_habit","{\"habit_id\":\"e552618a-f1bd-4b06-897b-720cf6b63921\"}","America/Los_Angeles","0b66ac24-ba61-4a31-9972-7654b969c5f7"
"f1578054-3262-4fa7-b075-9d175c695397","2021-09-08T00:33:44.578321+00:00","2021-09-08T00:33:44.578364+00:00","user_opened_app","{}","America/Los_Angeles","f06f3a80-c403-4dbb-867d-8faa078f80c8"
"f1578054-3262-4fa7-b075-9d175c695397","2021-09-08T00:33:04.040289+00:00","2021-09-08T00:33:04.040323+00:00","user_completed_habit","{\"habit_id\":\"a8c8d788-2ccf-4b96-8023-c36b9f7ff167\"}","America/Los_Angeles","69bef1dc-050e-4927-9274-685222bdba13"
"f1578054-3262-4fa7-b075-9d175c695397","2021-09-08T00:32:52.939999+00:00","2021-09-08T00:32:52.940030+00:00","user_completed_habit","{\"habit_id\":\"ae0e2b23-942e-4078-b72b-aa1f2e258ea8\"}","America/Los_Angeles","e2e89387-9d78-4a07-a619-22199e418057"
"f1578054-3262-4fa7-b075-9d175c695397","2021-09-08T00:32:41.063519+00:00","2021-09-08T00:32:41.063554+00:00","user_completed_habit","{\"habit_id\":\"4d765364-7b0f-4b74-a3b0-a44983364cf3\"}","America/Los_Angeles","8ccd9dd1-6a98-460c-a50d-5bfc4b29fe41"
"f1578054-3262-4fa7-b075-9d175c695397","2021-09-08T00:32:31.050346+00:00","2021-09-08T00:32:31.050390+00:00","user_completed_habit","{\"habit_id\":\"63c5874d-185a-4b8f-9142-41d6a60ee614\"}","America/Los_Angeles","59e64614-b20e-4161-88bd-f648ebc8ce85"
"f1578054-3262-4fa7-b075-9d175c695397","2021-09-08T00:32:01.758764+00:00","2021-09-08T00:32:01.758818+00:00","user_opened_app","{}","America/Los_Angeles","89760f44-ff53-4a7f-8ace-7d89e41ceee5"
"fd7c03c5-88b0-4910-a2a0-07321b7cb226","2021-09-08T00:16:14.775709+00:00","2021-09-08T00:16:14.775740+00:00","user_opened_app","{}","America/Los_Angeles","7cae8911-0c87-4850-93e8-8552cedde006"
"fd7c03c5-88b0-4910-a2a0-07321b7cb226","2021-09-07T22:49:13.771267+00:00","2021-09-07T22:49:13.771295+00:00","user_opened_app","{}","America/Los_Angeles","e48b097e-0e6a-4d89-b134-41d87e3d0f97"
"fd7c03c5-88b0-4910-a2a0-07321b7cb226","2021-09-07T22:49:13.399300+00:00","2021-09-07T22:49:13.399335+00:00","user_opened_app","{}","America/Los_Angeles","cdba707f-2986-418c-abf2-aedbf06daf81"
"7f67e560-6ff4-4602-b176-4a3bb8685f2e","2021-09-07T19:18:56.057164+00:00","2021-09-07T19:18:56.057205+00:00","user_completed_habit","{\"habit_id\":\"c8896e2e-1629-41b8-90bf-682524f884aa\"}","America/Denver","dc622443-5010-4feb-bdd8-7fcd1d18c912"
"7f67e560-6ff4-4602-b176-4a3bb8685f2e","2021-09-07T19:18:56.035126+00:00","2021-09-07T19:18:56.035197+00:00","user_completed_habit","{\"habit_id\":\"1ce5b6d2-e876-43b7-9993-136735283dda\"}","America/Denver","02fdb2da-9ab6-4428-9ae1-8749a82476fa"
"7f67e560-6ff4-4602-b176-4a3bb8685f2e","2021-09-07T19:18:56.013763+00:00","2021-09-07T19:18:56.013795+00:00","user_completed_habit","{\"habit_id\":\"beffbb46-39c9-4b3f-a440-d519ac56e485\"}","America/Denver","f77ec358-1a52-4937-a65d-df8a83e90c22"
"7f67e560-6ff4-4602-b176-4a3bb8685f2e","2021-09-07T19:18:55.994296+00:00","2021-09-07T19:18:55.994325+00:00","user_completed_habit","{\"habit_id\":\"890a4f5e-0f92-4488-b969-5f9069c11218\"}","America/Denver","18933e6e-e667-436c-871d-e6a2ea606b08"
"7f67e560-6ff4-4602-b176-4a3bb8685f2e","2021-09-07T19:18:55.974116+00:00","2021-09-07T19:18:55.974156+00:00","user_completed_habit","{\"habit_id\":\"ae0e2b23-942e-4078-b72b-aa1f2e258ea8\"}","America/Denver","fa15c88b-81b4-4e1a-b7ac-3b1f4565a20f"
"7f67e560-6ff4-4602-b176-4a3bb8685f2e","2021-09-07T19:18:55.943301+00:00","2021-09-07T19:18:55.943334+00:00","user_completed_habit","{\"habit_id\":\"37102e37-2f08-4f05-9188-651854f6848e\"}","America/Denver","bab56d1c-5077-4c54-b42b-e19e52f4c8e0"
"7f67e560-6ff4-4602-b176-4a3bb8685f2e","2021-09-07T19:18:41.436587+00:00","2021-09-07T19:18:41.436615+00:00","user_completed_habit","{\"habit_id\":\"0d2aec27-6ae0-467c-ba85-62e3372d0a72\"}","America/Denver","45b6e50c-8b80-4bb6-83e0-49866337395a"
"7f67e560-6ff4-4602-b176-4a3bb8685f2e","2021-09-07T19:17:01.310009+00:00","2021-09-07T19:17:01.310050+00:00","user_opened_app","{}","America/Denver","ad6b0783-2595-45ee-9a45-47801edbaae1"
"f1578054-3262-4fa7-b075-9d175c695397","2021-09-07T16:10:08.058646+00:00","2021-09-07T16:10:08.058677+00:00","user_viewed_settings","{}","America/Los_Angeles","db56be30-cb17-4760-bc0f-1c5d7d9001e2"
"f1578054-3262-4fa7-b075-9d175c695397","2021-09-07T16:09:50.965770+00:00","2021-09-07T16:09:50.965798+00:00","user_viewed_conversations","{}","America/Los_Angeles","afa0a4ca-8c2a-4d75-a293-a84284cde9c5"
"f1578054-3262-4fa7-b075-9d175c695397","2021-09-07T16:09:46.862218+00:00","2021-09-07T16:09:46.862248+00:00","user_opened_app","{}","America/Los_Angeles","ccf42a6e-81b7-470c-bfe2-b036f8804164"
"fd7c03c5-88b0-4910-a2a0-07321b7cb226","2021-09-07T16:06:57.365337+00:00","2021-09-07T16:06:57.365380+00:00","user_opened_app","{}","America/Los_Angeles","65ff9f2c-a25e-48f3-baae-b6f46485f8e8"
"fd7c03c5-88b0-4910-a2a0-07321b7cb226","2021-09-07T15:50:42.688624+00:00","2021-09-07T15:50:42.688658+00:00","user_opened_app","{}","America/Los_Angeles","c88217fa-4dea-422d-b7b7-9c99a9340332"
"f1578054-3262-4fa7-b075-9d175c695397","2021-09-07T15:34:03.344773+00:00","2021-09-07T15:34:03.344801+00:00","user_opened_app","{}","America/Los_Angeles","48dc56fb-48ad-44e1-b216-c0a9976f8dd9"
"f1578054-3262-4fa7-b075-9d175c695397","2021-09-07T15:20:12.992168+00:00","2021-09-07T15:20:12.992200+00:00","user_completed_habit","{\"habit_id\":\"148f8bf4-2dff-48c3-8103-504fa54f2656\"}","America/Los_Angeles","63d68438-143e-4127-8a6e-f541d46668be"
"f1578054-3262-4fa7-b075-9d175c695397","2021-09-07T15:20:01.062967+00:00","2021-09-07T15:20:01.063000+00:00","user_earned_badge_progress","{\"badge_id\":\"6905a4d9-6349-4a08-ac83-de2138d83602\"}","UTC","a4ad5e2d-bc62-4a56-922b-e6a763edd4b8"
"f1578054-3262-4fa7-b075-9d175c695397","2021-09-07T15:20:00.134267+00:00","2021-09-07T15:20:00.134303+00:00","user_earned_badge_progress","{\"badge_id\":\"ba0a1df7-97da-4dac-9caf-ca889fcb6781\"}","UTC","35da2ffd-3a58-4135-a54f-b6697b9d2fc4"
"f1578054-3262-4fa7-b075-9d175c695397","2021-09-07T15:19:55.959907+00:00","2021-09-07T15:19:55.959938+00:00","user_added_checkin","{\"states\":[\"GOOD\",\"TIRED\"]}","America/Los_Angeles","9d33f2b1-dcbc-4c5a-b257-52e67ff29ebb"
"f1578054-3262-4fa7-b075-9d175c695397","2021-09-07T15:19:42.545398+00:00","2021-09-07T15:19:42.545424+00:00","user_viewed_checkin","{}","America/Los_Angeles","3cdae4c3-0050-4500-b93a-4950f5ede73d"
"f1578054-3262-4fa7-b075-9d175c695397","2021-09-07T15:19:35.572926+00:00","2021-09-07T15:19:35.572966+00:00","user_opened_app","{}","America/Los_Angeles","56a85bb2-cf89-4308-bd10-de1768caf874"
"7f67e560-6ff4-4602-b176-4a3bb8685f2e","2021-09-04T00:26:42.087691+00:00","2021-09-04T00:26:42.087717+00:00","user_viewed_settings","{}","America/Denver","c8513c55-0dd5-4b99-bcff-61cf3ddb56f5"
"7f67e560-6ff4-4602-b176-4a3bb8685f2e","2021-09-04T00:20:30.005922+00:00","2021-09-04T00:20:30.005955+00:00","user_viewed_stories","{}","America/Denver","af700fee-5885-452f-898a-2c55a510d62f"
"7f67e560-6ff4-4602-b176-4a3bb8685f2e","2021-09-04T00:15:59.584915+00:00","2021-09-04T00:15:59.584948+00:00","user_viewed_resources","{}","America/Denver","584e1953-e0e6-4304-9ae9-f2e514c95f27"
"7f67e560-6ff4-4602-b176-4a3bb8685f2e","2021-09-04T00:13:17.174605+00:00","2021-09-04T00:13:17.174633+00:00","user_viewed_chat","{}","America/Denver","00e48b3b-741d-49e8-a77a-9143cdc63a3c"
"7f67e560-6ff4-4602-b176-4a3bb8685f2e","2021-09-04T00:11:24.015053+00:00","2021-09-04T00:11:24.015082+00:00","user_viewed_chat","{}","America/Denver","b927762f-acab-47ba-b016-52eee3952577"
"7f67e560-6ff4-4602-b176-4a3bb8685f2e","2021-09-04T00:11:13.286539+00:00","2021-09-04T00:11:13.286568+00:00","user_viewed_chat","{}","America/Denver","1d38df46-4ca1-4f06-801e-b33e794d5fb5"
"7f67e560-6ff4-4602-b176-4a3bb8685f2e","2021-09-04T00:11:12.190043+00:00","2021-09-04T00:11:12.190073+00:00","user_viewed_conversations","{}","America/Denver","7cc66101-eb0b-4473-990b-8a8eae9db085"
"f1578054-3262-4fa7-b075-9d175c695397","2021-09-03T23:48:20.525425+00:00","2021-09-03T23:48:20.525456+00:00","user_earned_badge_progress","{\"badge_id\":\"6905a4d9-6349-4a08-ac83-de2138d83602\"}","UTC","b2952a54-141d-4ec8-a4d1-11aab87b8f71"
"f1578054-3262-4fa7-b075-9d175c695397","2021-09-03T23:48:19.501390+00:00","2021-09-03T23:48:19.501419+00:00","user_earned_badge_progress","{\"badge_id\":\"ba0a1df7-97da-4dac-9caf-ca889fcb6781\"}","UTC","3727af7c-3b2f-494e-965e-3400fcd16fdf"
"f1578054-3262-4fa7-b075-9d175c695397","2021-09-03T23:48:15.804081+00:00","2021-09-03T23:48:15.804113+00:00","user_added_checkin","{\"states\":[\"BAD\"]}","America/Los_Angeles","ee000614-a6c9-4ec9-a363-ca39a6ad8549"
"7f67e560-6ff4-4602-b176-4a3bb8685f2e","2021-09-03T22:42:31.002317+00:00","2021-09-03T22:42:31.002343+00:00","user_opened_app","{}","America/Denver","c4bd9359-6d2d-476d-a0d3-0b5e45bc6768"
"7f67e560-6ff4-4602-b176-4a3bb8685f2e","2021-09-03T22:40:47.924819+00:00","2021-09-03T22:40:47.924858+00:00","user_opened_app","{}","America/Denver","68fb1ab2-77c7-4e1f-8e3b-509f13e459ec"
"7f67e560-6ff4-4602-b176-4a3bb8685f2e","2021-09-03T22:37:25.311807+00:00","2021-09-03T22:37:25.311851+00:00","user_opened_app","{}","America/Denver","caeb29e2-8e16-4b34-a00f-e55776967426"
"7f67e560-6ff4-4602-b176-4a3bb8685f2e","2021-09-03T22:37:09.129575+00:00","2021-09-03T22:37:09.129607+00:00","user_viewed_chat","{}","America/Denver","9164d7a3-321e-47f0-9b3a-f718c56ff8c2"
"7f67e560-6ff4-4602-b176-4a3bb8685f2e","2021-09-03T22:37:03.798254+00:00","2021-09-03T22:37:03.798287+00:00","user_viewed_chat","{}","America/Denver","de0adb28-6d6d-4872-9b3a-b13e01f1e7ae"
"fd7c03c5-88b0-4910-a2a0-07321b7cb226","2021-09-03T21:15:23.063837+00:00","2021-09-03T21:15:23.063876+00:00","user_earned_badge_progress","{\"badge_id\":\"6905a4d9-6349-4a08-ac83-de2138d83602\"}","UTC","7dd363f6-0947-421d-9271-7468c6c0351d"
"fd7c03c5-88b0-4910-a2a0-07321b7cb226","2021-09-03T21:15:22.015499+00:00","2021-09-03T21:15:22.015529+00:00","user_earned_badge_progress","{\"badge_id\":\"ba0a1df7-97da-4dac-9caf-ca889fcb6781\"}","UTC","ecd50c02-0355-47b6-a158-61fc67df162b"
"fd7c03c5-88b0-4910-a2a0-07321b7cb226","2021-09-03T21:15:19.405208+00:00","2021-09-03T21:15:19.405236+00:00","user_added_checkin","{\"states\":[\"LIVING_SOBER\",\"SO_SO\"]}","America/Los_Angeles","be51280b-060b-4781-b324-ed1505f14b8d"
"fc4faa04-e774-4905-aed0-e6026a018b30","2021-09-03T21:00:09.474226+00:00","2021-09-03T21:00:09.474256+00:00","user_created_message","{}","America/Los_Angeles","8dd7fc5f-8340-49c4-a224-c0f1436be5ba"
"7f67e560-6ff4-4602-b176-4a3bb8685f2e","2021-09-03T20:40:00.789765+00:00","2021-09-03T20:40:00.789791+00:00","user_shared_meeting_from_my_meetings","{}","America/Denver","87317cbc-9e41-4a05-b308-da2c091dfb1c"
"7f67e560-6ff4-4602-b176-4a3bb8685f2e","2021-09-03T20:38:58.568545+00:00","2021-09-03T20:38:58.568571+00:00","user_shared_meeting_from_my_meetings","{}","America/Denver","6c533adb-f02d-40ec-a835-08bfadb223b2"
"7f67e560-6ff4-4602-b176-4a3bb8685f2e","2021-09-03T20:38:53.381003+00:00","2021-09-03T20:38:53.381028+00:00","user_viewed_my_meetings","{}","America/Denver","bc2ba4e9-f532-4a01-b6ca-a9548bf5543a"
"7f67e560-6ff4-4602-b176-4a3bb8685f2e","2021-09-03T19:52:54.985317+00:00","2021-09-03T19:52:54.985343+00:00","user_viewed_chat","{}","America/Denver","5d03e8e0-4b91-42fb-8e09-f960481714d9"
"7f67e560-6ff4-4602-b176-4a3bb8685f2e","2021-09-03T19:52:44.702906+00:00","2021-09-03T19:52:44.702936+00:00","user_shared_resource_from_resources","{}","America/Denver","474377fa-208f-43ad-85f8-6be4b48e3638"
"7f67e560-6ff4-4602-b176-4a3bb8685f2e","2021-09-03T19:52:31.489849+00:00","2021-09-03T19:52:31.489878+00:00","user_viewed_conversations","{}","America/Denver","ab069fb7-f19f-48fe-a7ae-5e27e4182b89"
"7f67e560-6ff4-4602-b176-4a3bb8685f2e","2021-09-03T19:29:22.513689+00:00","2021-09-03T19:29:22.513733+00:00","user_saved_resource_from_resources","{}","America/Denver","67f4a5fb-8322-4a9d-a37a-ad8ec2932736"
"7f67e560-6ff4-4602-b176-4a3bb8685f2e","2021-09-03T19:29:21.847539+00:00","2021-09-03T19:29:21.847572+00:00","user_saved_resource","{}","America/Denver","34ae52ff-ab09-47cc-a0b2-385fff1391fd"
"7f67e560-6ff4-4602-b176-4a3bb8685f2e","2021-09-03T19:28:28.343295+00:00","2021-09-03T19:28:28.343343+00:00","user_viewed_directory","{}","America/Denver","e3b34d39-c885-4317-9e4f-d673cfd886fa"
"7f67e560-6ff4-4602-b176-4a3bb8685f2e","2021-09-03T19:26:12.160841+00:00","2021-09-03T19:26:12.160892+00:00","user_viewed_directory","{}","America/Denver","c40a42c1-28e5-473a-9253-8b931e2ea27d"
"7f67e560-6ff4-4602-b176-4a3bb8685f2e","2021-09-03T19:12:46.694850+00:00","2021-09-03T19:12:46.694899+00:00","user_viewed_directory","{}","America/Denver","162811e8-dbe5-45d7-8ac7-cf8def4d64c2"
null,"2021-09-03T19:12:17.190394+00:00","2021-09-03T19:12:17.190436+00:00","staff_edited_user","{\"member_id\":\"21278058-123b-4508-b211-03bdce27f0ba\"}","UTC","c23eeea8-e3db-4f4b-a6cb-81a3e95febea"
"81871bcc-3f90-4c63-8f2a-da8a0af7e27b","2021-09-03T19:12:17.170241+00:00","2021-09-03T19:12:17.170283+00:00","staff_enabled_community_access","{\"staff_id\":\"0578cbc9-7690-4cd1-8e87-1405a5fc1a6b\",\"patient_id\":\"21278058-123b-4508-b211-03bdce27f0ba\"}","America/Denver","3273b180-5a87-432a-9db5-3f39a09644c7"
"81871bcc-3f90-4c63-8f2a-da8a0af7e27b","2021-09-03T19:12:07.160037+00:00","2021-09-03T19:12:07.160090+00:00","staff_created_group_admission","{\"staff_id\":\"0578cbc9-7690-4cd1-8e87-1405a5fc1a6b\",\"patient_id\":\"21278058-123b-4508-b211-03bdce27f0ba\"}","America/Denver","eed54569-5ec3-4df2-a508-f57ee11e6bdd"
"81871bcc-3f90-4c63-8f2a-da8a0af7e27b","2021-09-03T19:11:59.318345+00:00","2021-09-03T19:11:59.318385+00:00","staff_created_group_admission","{\"staff_id\":\"0578cbc9-7690-4cd1-8e87-1405a5fc1a6b\",\"patient_id\":\"21278058-123b-4508-b211-03bdce27f0ba\"}","America/Denver","2e93f2b6-4658-493f-aab6-47223e5a93fe"
"7f67e560-6ff4-4602-b176-4a3bb8685f2e","2021-09-03T19:11:44.209822+00:00","2021-09-03T19:11:44.209866+00:00","user_viewed_resources","{}","America/Denver","96e37cc0-8ee5-4e70-a2b4-9b06dd37077a"
"7f67e560-6ff4-4602-b176-4a3bb8685f2e","2021-09-03T19:09:00.907093+00:00","2021-09-03T19:09:00.907149+00:00","user_viewed_directory","{}","America/Denver","be9b14e4-6266-4f3b-940a-fb9e136eda26"
"7f67e560-6ff4-4602-b176-4a3bb8685f2e","2021-09-03T19:08:59.821562+00:00","2021-09-03T19:08:59.821605+00:00","user_viewed_contacts","{}","America/Denver","3264e7b2-dfe8-46d6-a5de-714ef9b2e7c1"
"7f67e560-6ff4-4602-b176-4a3bb8685f2e","2021-09-03T19:08:56.977640+00:00","2021-09-03T19:08:56.977682+00:00","user_viewed_saved_resources","{}","America/Denver","347f770a-f26f-4113-bc6e-7950fc169461"
"7f67e560-6ff4-4602-b176-4a3bb8685f2e","2021-09-03T19:08:51.278685+00:00","2021-09-03T19:08:51.278718+00:00","user_opened_app","{}","America/Denver","fbd61d67-bd61-443f-8d00-b842f7904e51"
"7f67e560-6ff4-4602-b176-4a3bb8685f2e","2021-09-03T19:04:29.499770+00:00","2021-09-03T19:04:29.499900+00:00","user_viewed_directory","{}","America/Denver","4407368c-71e6-4256-aa0e-6cfea963d936"
"7f67e560-6ff4-4602-b176-4a3bb8685f2e","2021-09-03T19:04:26.091570+00:00","2021-09-03T19:04:26.091598+00:00","user_viewed_contacts","{}","America/Denver","cc6e027b-7648-4ced-b713-d7178457c1d7"
"7f67e560-6ff4-4602-b176-4a3bb8685f2e","2021-09-03T19:03:50.829738+00:00","2021-09-03T19:03:50.829775+00:00","user_viewed_channel_detail","{}","America/Denver","da4fccd5-adab-48a8-bee8-b3005fe10406"
"7f67e560-6ff4-4602-b176-4a3bb8685f2e","2021-09-03T19:01:30.185291+00:00","2021-09-03T19:01:30.185326+00:00","user_viewed_chat","{}","America/Denver","e1055d7b-4441-4bd6-abb5-206c1ed60d34"
"7f67e560-6ff4-4602-b176-4a3bb8685f2e","2021-09-03T19:01:29.075354+00:00","2021-09-03T19:01:29.075382+00:00","user_viewed_conversations","{}","America/Denver","111cc70f-7f9b-4803-b6db-2d1af4c2b164"
"7f67e560-6ff4-4602-b176-4a3bb8685f2e","2021-09-03T19:01:14.366894+00:00","2021-09-03T19:01:14.366922+00:00","user_opened_app","{}","America/Denver","aaafa498-81d3-4b17-9313-c980b2fd295c"
"7f67e560-6ff4-4602-b176-4a3bb8685f2e","2021-09-03T03:13:01.783307+00:00","2021-09-03T03:13:01.783349+00:00","user_viewed_stories","{}","America/Denver","cfba6fd7-98d8-47ee-bbae-616406554fa6"
"7f67e560-6ff4-4602-b176-4a3bb8685f2e","2021-09-03T03:13:01.247449+00:00","2021-09-03T03:13:01.247483+00:00","user_opened_app","{}","America/Denver","70c87d08-0584-42f8-9a79-d128794ab9be"
"7f67e560-6ff4-4602-b176-4a3bb8685f2e","2021-09-03T03:12:39.837984+00:00","2021-09-03T03:12:39.838010+00:00","user_viewed_stories","{}","America/Denver","2a6dd19c-bbb8-4034-9b83-3486a31df068"
"7f67e560-6ff4-4602-b176-4a3bb8685f2e","2021-09-03T03:12:35.572742+00:00","2021-09-03T03:12:35.572798+00:00","user_viewed_badges","{}","America/Denver","c3fa1feb-e8b4-4407-8938-0203de542c34"
"7f67e560-6ff4-4602-b176-4a3bb8685f2e","2021-09-03T03:12:21.044497+00:00","2021-09-03T03:12:21.044521+00:00","user_viewed_directory","{}","America/Denver","185092f2-7b57-47c8-86b8-6ff1afcae77b"
"7f67e560-6ff4-4602-b176-4a3bb8685f2e","2021-09-03T03:12:05.348461+00:00","2021-09-03T03:12:05.348502+00:00","user_viewed_directory","{}","America/Denver","dff511bb-f59d-4721-b476-9d474559dabd"
"7f67e560-6ff4-4602-b176-4a3bb8685f2e","2021-09-03T03:10:58.671052+00:00","2021-09-03T03:10:58.671080+00:00","user_viewed_directory","{}","America/Denver","b5455af0-e507-4f2b-96c1-725ab84c97dc"
"7f67e560-6ff4-4602-b176-4a3bb8685f2e","2021-09-03T03:10:35.411140+00:00","2021-09-03T03:10:35.411172+00:00","user_viewed_contacts","{}","America/Denver","bd6a1dca-a043-4d98-ba60-b91d1faac8d4"
"7f67e560-6ff4-4602-b176-4a3bb8685f2e","2021-09-03T03:10:13.528824+00:00","2021-09-03T03:10:13.528856+00:00","user_viewed_contacts","{}","America/Denver","3fe32e41-1d68-4609-953d-fe4016c2a54a"
"7f67e560-6ff4-4602-b176-4a3bb8685f2e","2021-09-03T03:09:39.597668+00:00","2021-09-03T03:09:39.597701+00:00","user_viewed_contacts","{}","America/Denver","d66c4b0a-0da8-4e46-b2c4-669fdbc221bd"
"7f67e560-6ff4-4602-b176-4a3bb8685f2e","2021-09-03T03:09:26.231741+00:00","2021-09-03T03:09:26.231778+00:00","user_viewed_chat","{}","America/Denver","60538e36-6714-4602-a472-0faa9ef1cb74"
"7f67e560-6ff4-4602-b176-4a3bb8685f2e","2021-09-03T03:09:23.962573+00:00","2021-09-03T03:09:23.962601+00:00","user_viewed_conversations","{}","America/Denver","b5f9c655-9250-411f-b289-271bad706f1d"
"7f67e560-6ff4-4602-b176-4a3bb8685f2e","2021-09-03T03:09:23.958918+00:00","2021-09-03T03:09:23.958945+00:00","user_opened_app","{}","America/Denver","d855f11a-9bb2-4f73-930b-73ecdb2eefdd"
"7f67e560-6ff4-4602-b176-4a3bb8685f2e","2021-09-03T02:42:06.888370+00:00","2021-09-03T02:42:06.888412+00:00","user_created_message","{}","America/Denver","f5094e39-1256-4f83-91d7-4e322cfa1ac6"
"7f67e560-6ff4-4602-b176-4a3bb8685f2e","2021-09-03T02:24:59.414609+00:00","2021-09-03T02:24:59.414651+00:00","user_created_message","{}","America/Denver","088ef654-c5c4-4134-80e1-a9e8c58df8c7"
"7f67e560-6ff4-4602-b176-4a3bb8685f2e","2021-09-03T02:22:46.317678+00:00","2021-09-03T02:22:46.317720+00:00","user_viewed_chat","{}","America/Denver","5fb9c6a1-721e-4709-9bca-f798a2c1e404"
"7f67e560-6ff4-4602-b176-4a3bb8685f2e","2021-09-03T02:21:07.823438+00:00","2021-09-03T02:21:07.823471+00:00","user_viewed_chat","{}","America/Denver","77ae413d-5e0d-4afd-8b94-90779a45f29b"
"7f67e560-6ff4-4602-b176-4a3bb8685f2e","2021-09-03T02:21:06.505771+00:00","2021-09-03T02:21:06.505803+00:00","user_viewed_conversations","{}","America/Denver","1c27294f-6a92-4c0e-8669-bb148aab40cb"
"7f67e560-6ff4-4602-b176-4a3bb8685f2e","2021-09-03T02:21:04.995606+00:00","2021-09-03T02:21:04.995637+00:00","user_opened_app","{}","America/Denver","0e499dd9-e4d8-4cfc-8843-5186cda8c7fb"
"7f67e560-6ff4-4602-b176-4a3bb8685f2e","2021-09-03T02:20:54.039183+00:00","2021-09-03T02:20:54.039219+00:00","user_viewed_chat","{}","America/Denver","15c024bf-2c66-42d1-ae84-159e75e69df5"
"7f67e560-6ff4-4602-b176-4a3bb8685f2e","2021-09-03T02:20:37.086392+00:00","2021-09-03T02:20:37.086422+00:00","user_viewed_chat","{}","America/Denver","85442435-c637-4b41-8f1e-d9f90d4852bb"
"7f67e560-6ff4-4602-b176-4a3bb8685f2e","2021-09-03T02:20:26.426361+00:00","2021-09-03T02:20:26.426416+00:00","user_viewed_chat","{}","America/Denver","2ffe6258-0f97-4b89-af05-5bd87156e952"
"7f67e560-6ff4-4602-b176-4a3bb8685f2e","2021-09-03T02:19:44.496001+00:00","2021-09-03T02:19:44.496033+00:00","user_viewed_chat","{}","America/Denver","4a24a561-4997-45b1-89cd-a6a988e14529"
"7f67e560-6ff4-4602-b176-4a3bb8685f2e","2021-09-03T02:18:56.142135+00:00","2021-09-03T02:18:56.142170+00:00","user_viewed_chat","{}","America/Denver","5000c2fb-f3cf-4a54-8285-feeb4fb32edf"
"7f67e560-6ff4-4602-b176-4a3bb8685f2e","2021-09-03T02:18:54.406590+00:00","2021-09-03T02:18:54.406638+00:00","user_viewed_conversations","{}","America/Denver","659e12af-efc3-437d-add5-65c51053aaf0"
"7f67e560-6ff4-4602-b176-4a3bb8685f2e","2021-09-03T02:18:27.803019+00:00","2021-09-03T02:18:27.803052+00:00","user_opened_app","{}","America/Denver","a626c0d1-c0b2-4023-bc7e-845c392e5ba5"
"7f67e560-6ff4-4602-b176-4a3bb8685f2e","2021-09-03T02:14:53.282750+00:00","2021-09-03T02:14:53.282797+00:00","user_viewed_chat","{}","America/Denver","f3a4b845-4df9-46dd-9e7a-6d9bd27a03b6"
"7f67e560-6ff4-4602-b176-4a3bb8685f2e","2021-09-03T02:14:52.001400+00:00","2021-09-03T02:14:52.001431+00:00","user_viewed_conversations","{}","America/Denver","91d4d74c-8a74-4025-b438-8ab35c676ef3"
"7f67e560-6ff4-4602-b176-4a3bb8685f2e","2021-09-03T02:14:42.544440+00:00","2021-09-03T02:14:42.544472+00:00","user_opened_app","{}","America/Denver","bdf9846d-40ec-408d-b283-7a4007cede79"
"7f67e560-6ff4-4602-b176-4a3bb8685f2e","2021-09-03T02:10:33.301096+00:00","2021-09-03T02:10:33.301131+00:00","user_viewed_chat","{}","America/Denver","d726788a-3b49-4973-bccc-dfeeb78d7c8c"
"7f67e560-6ff4-4602-b176-4a3bb8685f2e","2021-09-03T02:10:19.113513+00:00","2021-09-03T02:10:19.113549+00:00","user_viewed_conversations","{}","America/Denver","140d464b-b35d-4256-b13e-f5c75de43e87"
"7f67e560-6ff4-4602-b176-4a3bb8685f2e","2021-09-03T02:09:59.066073+00:00","2021-09-03T02:09:59.066101+00:00","user_viewed_resources","{}","America/Denver","0e1238cb-14ee-4720-aa6e-b06d54ad6871"
"7f67e560-6ff4-4602-b176-4a3bb8685f2e","2021-09-03T02:09:55.677064+00:00","2021-09-03T02:09:55.677096+00:00","user_opened_app","{}","America/Denver","22424fd4-9981-473e-a4c6-aae1ca57df61"
"7f67e560-6ff4-4602-b176-4a3bb8685f2e","2021-09-03T02:09:14.829131+00:00","2021-09-03T02:09:14.829160+00:00","user_viewed_resources","{}","America/Denver","db352cb8-0229-4280-94dd-4ccbdafe3acb"
"7f67e560-6ff4-4602-b176-4a3bb8685f2e","2021-09-03T02:06:30.314492+00:00","2021-09-03T02:06:30.314545+00:00","user_viewed_resources","{}","America/Denver","feff9594-968b-4bd7-ad0f-997f42d6b7ce"
"7f67e560-6ff4-4602-b176-4a3bb8685f2e","2021-09-03T01:57:27.639937+00:00","2021-09-03T01:57:27.639979+00:00","user_viewed_settings","{}","America/Denver","a717a6d6-e680-494b-b8bb-95ae5624ab2b"
"7f67e560-6ff4-4602-b176-4a3bb8685f2e","2021-09-03T01:57:23.223720+00:00","2021-09-03T01:57:23.223753+00:00","user_viewed_my_meetings","{}","America/Denver","5cca6a6b-bc9b-47ee-a517-ff669e46c9ce"
"7f67e560-6ff4-4602-b176-4a3bb8685f2e","2021-09-03T01:57:20.295590+00:00","2021-09-03T01:57:20.295624+00:00","user_viewed_checkin","{}","America/Denver","d4830921-bf76-4cff-9420-8fdda347c1c2"
"7f67e560-6ff4-4602-b176-4a3bb8685f2e","2021-09-03T01:57:09.134392+00:00","2021-09-03T01:57:09.134424+00:00","user_viewed_story","{}","America/Denver","65882a15-926e-489c-919f-0c77cf02a227"
"7f67e560-6ff4-4602-b176-4a3bb8685f2e","2021-09-03T01:57:05.538098+00:00","2021-09-03T01:57:05.538130+00:00","user_viewed_stories","{}","America/Denver","23535e3d-9d2f-4794-912c-9f4c72f0b28d"
"7f67e560-6ff4-4602-b176-4a3bb8685f2e","2021-09-03T01:56:58.466454+00:00","2021-09-03T01:56:58.466486+00:00","user_viewed_resources","{}","America/Denver","593b6e05-7b62-4ced-a0dc-24b5401c2ae6"
"7f67e560-6ff4-4602-b176-4a3bb8685f2e","2021-09-03T01:56:54.951339+00:00","2021-09-03T01:56:54.951367+00:00","user_viewed_badges","{}","America/Denver","04399046-b82d-47f5-81c9-751eb3f4478f"
"7f67e560-6ff4-4602-b176-4a3bb8685f2e","2021-09-02T19:45:27.062420+00:00","2021-09-02T19:45:27.062452+00:00","user_viewed_chat","{}","America/Denver","a7a6b1d1-5267-4055-8097-5aafbfd8aa47"
"7f67e560-6ff4-4602-b176-4a3bb8685f2e","2021-09-02T19:45:26.077904+00:00","2021-09-02T19:45:26.077937+00:00","user_viewed_conversations","{}","America/Denver","e91a6cde-b5f0-4062-8fa5-182496a4a022"
"7f67e560-6ff4-4602-b176-4a3bb8685f2e","2021-09-02T19:45:24.467125+00:00","2021-09-02T19:45:24.467166+00:00","user_opened_app","{}","America/Denver","67b4fb5c-54a7-4cff-ad82-401aec652059"
"7f67e560-6ff4-4602-b176-4a3bb8685f2e","2021-09-02T19:44:50.368947+00:00","2021-09-02T19:44:50.368981+00:00","user_viewed_badges","{}","America/Denver","3705a1c4-66d3-4f99-bcab-431db44585d9"
"7f67e560-6ff4-4602-b176-4a3bb8685f2e","2021-09-02T18:42:46.418424+00:00","2021-09-02T18:42:46.418458+00:00","user_viewed_badges","{}","America/Denver","8fb23c2d-8332-4e4f-b094-028a68b9e2eb"
"7f67e560-6ff4-4602-b176-4a3bb8685f2e","2021-09-02T18:38:10.865797+00:00","2021-09-02T18:38:10.865833+00:00","user_viewed_settings","{}","America/Denver","a1b50b11-5f95-4011-b02d-d24b7d79604e"
"7f67e560-6ff4-4602-b176-4a3bb8685f2e","2021-09-02T18:36:55.997801+00:00","2021-09-02T18:36:55.997834+00:00","user_viewed_chat","{}","America/Denver","78a4a291-c9cb-493b-83d4-9c0729f765ef"
"7f67e560-6ff4-4602-b176-4a3bb8685f2e","2021-09-02T18:36:47.583203+00:00","2021-09-02T18:36:47.583235+00:00","user_viewed_conversations","{}","America/Denver","10252a5e-cca2-4a68-a2a1-cdfc6f5e0c04"
"7f67e560-6ff4-4602-b176-4a3bb8685f2e","2021-09-02T18:36:42.178409+00:00","2021-09-02T18:36:42.178444+00:00","user_viewed_settings","{}","America/Denver","5d40ac65-7d3f-473c-b8ae-0ce9a015e8ea"
"7f67e560-6ff4-4602-b176-4a3bb8685f2e","2021-09-02T18:36:27.874383+00:00","2021-09-02T18:36:27.874453+00:00","user_viewed_settings","{}","America/Denver","b841fd33-c9e8-41c4-8669-d1ab4c86694e"
"7f67e560-6ff4-4602-b176-4a3bb8685f2e","2021-09-02T18:36:20.815412+00:00","2021-09-02T18:36:20.815466+00:00","user_viewed_settings","{}","America/Denver","74280333-6ac8-4640-b08c-98e8b520fb48"
"7f67e560-6ff4-4602-b176-4a3bb8685f2e","2021-09-02T18:35:52.132808+00:00","2021-09-02T18:35:52.132840+00:00","user_opened_app","{}","America/Denver","367fa2b9-b771-440e-86e1-7a8840bd0177"
"7f67e560-6ff4-4602-b176-4a3bb8685f2e","2021-09-02T18:35:37.375001+00:00","2021-09-02T18:35:37.375031+00:00","user_viewed_settings","{}","America/Denver","f184b04a-7a10-4f3a-8af8-c5611eaf2df2"
"7f67e560-6ff4-4602-b176-4a3bb8685f2e","2021-09-02T18:34:13.294877+00:00","2021-09-02T18:34:13.294906+00:00","user_viewed_settings","{}","America/Denver","75907195-5008-4e08-bd56-b90a3b47cebf"
"7f67e560-6ff4-4602-b176-4a3bb8685f2e","2021-09-02T18:34:05.763077+00:00","2021-09-02T18:34:05.763114+00:00","user_viewed_settings","{}","America/Denver","4275a272-03be-438c-b077-eed3e6620c6e"
"7f67e560-6ff4-4602-b176-4a3bb8685f2e","2021-09-02T18:33:21.690742+00:00","2021-09-02T18:33:21.690860+00:00","user_viewed_settings","{}","America/Denver","31703777-a6ee-4774-9fe8-c189d6929d17"
"7f67e560-6ff4-4602-b176-4a3bb8685f2e","2021-09-02T18:32:24.533274+00:00","2021-09-02T18:32:24.533319+00:00","user_viewed_settings","{}","America/Denver","a7361586-fcca-4957-8672-7a1dfd222200"
"7f67e560-6ff4-4602-b176-4a3bb8685f2e","2021-09-02T18:28:22.827122+00:00","2021-09-02T18:28:22.827163+00:00","user_viewed_badges","{}","America/Denver","3a8e2f11-6cc6-4cf9-9770-91ec3f5ed07d"
"7f67e560-6ff4-4602-b176-4a3bb8685f2e","2021-09-02T18:28:20.674103+00:00","2021-09-02T18:28:20.674135+00:00","user_opened_app","{}","America/Denver","ee1d4c54-7344-41f8-a5ee-f31132f768c2"
"7f67e560-6ff4-4602-b176-4a3bb8685f2e","2021-09-02T18:28:08.271022+00:00","2021-09-02T18:28:08.271070+00:00","user_viewed_badges","{}","America/Denver","68c12c8c-49c8-430b-9dc6-b9dfbba18102"
"7f67e560-6ff4-4602-b176-4a3bb8685f2e","2021-09-02T18:28:03.794999+00:00","2021-09-02T18:28:03.795027+00:00","user_opened_app","{}","America/Denver","27dadeb4-7457-4af9-bddf-0860a4629222"
"7f67e560-6ff4-4602-b176-4a3bb8685f2e","2021-09-02T18:25:38.933436+00:00","2021-09-02T18:25:38.933466+00:00","user_viewed_stories","{}","America/Denver","90117c53-ec5a-4309-9674-80a913b422e3"
"81871bcc-3f90-4c63-8f2a-da8a0af7e27b","2021-09-02T18:25:11.598112+00:00","2021-09-02T18:25:11.598151+00:00","staff_updated_member_habits","{\"staff_id\":\"0578cbc9-7690-4cd1-8e87-1405a5fc1a6b\",\"patient_id\":\"21278058-123b-4508-b211-03bdce27f0ba\"}","America/Denver","9d25e262-ac84-49f8-be52-549b267a9d0f"
"81871bcc-3f90-4c63-8f2a-da8a0af7e27b","2021-09-02T18:24:50.785017+00:00","2021-09-02T18:24:50.785049+00:00","staff_updated_member_habits","{\"staff_id\":\"0578cbc9-7690-4cd1-8e87-1405a5fc1a6b\",\"patient_id\":\"21278058-123b-4508-b211-03bdce27f0ba\"}","America/Denver","e7b33964-5b5c-4318-bf49-38cd4d5251b0"
"7f67e560-6ff4-4602-b176-4a3bb8685f2e","2021-09-02T18:24:11.053588+00:00","2021-09-02T18:24:11.053618+00:00","user_updated_habits","{}","America/Denver","2c95e0f3-4485-4248-88ef-19fd33bdf1a7"
"7f67e560-6ff4-4602-b176-4a3bb8685f2e","2021-09-02T18:23:59.893138+00:00","2021-09-02T18:23:59.893171+00:00","user_opened_app","{}","America/Denver","519c1776-9a14-4516-a69c-391f631e7f28"
"7f67e560-6ff4-4602-b176-4a3bb8685f2e","2021-09-02T18:23:48.979576+00:00","2021-09-02T18:23:48.979614+00:00","user_viewed_resources","{}","America/Denver","6cba4de5-cf65-4712-8b26-3bf09a094e2b"
"f1578054-3262-4fa7-b075-9d175c695397","2021-09-02T18:11:23.486949+00:00","2021-09-02T18:11:23.486980+00:00","user_viewed_settings","{}","America/Los_Angeles","6ca19da1-fb91-4de4-984b-2c9193eea805"
"7f67e560-6ff4-4602-b176-4a3bb8685f2e","2021-09-02T18:06:45.094048+00:00","2021-09-02T18:06:45.094086+00:00","user_viewed_resources","{}","America/Denver","50106b24-9a1e-466e-a835-adfe7d4e5fcc"
"7f67e560-6ff4-4602-b176-4a3bb8685f2e","2021-09-02T18:06:26.258182+00:00","2021-09-02T18:06:26.258212+00:00","user_opened_app","{}","America/Denver","d2b3ecba-df83-417e-906e-05e24991100c"
"7f67e560-6ff4-4602-b176-4a3bb8685f2e","2021-09-02T18:05:26.721210+00:00","2021-09-02T18:05:26.721258+00:00","user_viewed_my_meetings","{}","America/Denver","ecec3f0f-e527-4915-acc0-1acf40cfb774"
"7f67e560-6ff4-4602-b176-4a3bb8685f2e","2021-09-02T18:05:22.748604+00:00","2021-09-02T18:05:22.748639+00:00","user_opened_app","{}","America/Denver","77b3140a-3d18-499b-a9bb-a6313c34263c"
"7f67e560-6ff4-4602-b176-4a3bb8685f2e","2021-09-02T18:02:26.009958+00:00","2021-09-02T18:02:26.009996+00:00","user_opened_app","{}","America/Denver","f84d1f1a-26b8-4111-811d-c94d574f6dca"
"7f67e560-6ff4-4602-b176-4a3bb8685f2e","2021-09-02T18:02:12.148198+00:00","2021-09-02T18:02:12.148253+00:00","user_opened_app","{}","America/Denver","4a9f496d-f2f0-45fe-a6c7-045a8caf9107"
"7f67e560-6ff4-4602-b176-4a3bb8685f2e","2021-09-02T18:02:00.168374+00:00","2021-09-02T18:02:00.168419+00:00","user_opened_app","{}","America/Denver","2f88a1d0-952d-4685-b0b5-cac1a894d962"
"7f67e560-6ff4-4602-b176-4a3bb8685f2e","2021-09-02T17:57:32.874726+00:00","2021-09-02T17:57:32.874760+00:00","user_opened_app","{}","America/Denver","5fb7fea1-e2c5-4f69-b49c-5c8a78de7675"
"7f67e560-6ff4-4602-b176-4a3bb8685f2e","2021-09-02T17:47:32.637948+00:00","2021-09-02T17:47:32.637975+00:00","user_opened_app","{}","America/Denver","3ca6fe88-d0ab-42b1-a458-8923a07cd968"
"f1578054-3262-4fa7-b075-9d175c695397","2021-09-02T17:41:32.086395+00:00","2021-09-02T17:41:32.086435+00:00","user_completed_habit","{\"habit_id\":\"148f8bf4-2dff-48c3-8103-504fa54f2656\"}","America/Los_Angeles","5b58da9e-99f8-41ff-abff-524781b1dfa0"
"f1578054-3262-4fa7-b075-9d175c695397","2021-09-02T17:41:21.997644+00:00","2021-09-02T17:41:21.997682+00:00","user_completed_habit","{\"habit_id\":\"63c5874d-185a-4b8f-9142-41d6a60ee614\"}","America/Los_Angeles","4f82e6da-f9ad-4e57-a4e2-45f8bee5e1b2"
"81871bcc-3f90-4c63-8f2a-da8a0af7e27b","2021-09-02T17:37:49.841484+00:00","2021-09-02T17:37:49.841512+00:00","staff_updated_member_habits","{\"staff_id\":\"0578cbc9-7690-4cd1-8e87-1405a5fc1a6b\",\"patient_id\":\"21278058-123b-4508-b211-03bdce27f0ba\"}","America/Denver","135aef95-9f22-41d2-9ed9-ac98d5318a1d"
"7f67e560-6ff4-4602-b176-4a3bb8685f2e","2021-09-02T17:36:33.637922+00:00","2021-09-02T17:36:33.637950+00:00","user_opened_app","{}","America/Denver","df36a3ad-43ef-4808-b381-b916cc57f3b0"
"81871bcc-3f90-4c63-8f2a-da8a0af7e27b","2021-09-02T17:32:35.992421+00:00","2021-09-02T17:32:35.992483+00:00","staff_updated_member_habits","{\"staff_id\":\"0578cbc9-7690-4cd1-8e87-1405a5fc1a6b\",\"patient_id\":\"21278058-123b-4508-b211-03bdce27f0ba\"}","America/Denver","0e2b4abb-08b1-46f1-938c-52347ef34a88"
"7f67e560-6ff4-4602-b176-4a3bb8685f2e","2021-09-02T17:31:42.392567+00:00","2021-09-02T17:31:42.392602+00:00","user_opened_app","{}","America/Denver","c61cf68a-ff78-4028-89c2-7d32c92ced6c"
"7f67e560-6ff4-4602-b176-4a3bb8685f2e","2021-09-02T17:31:33.333139+00:00","2021-09-02T17:31:33.333165+00:00","user_opened_app","{}","America/Denver","f72180b1-9181-4b20-b9be-2a821fc025da"
"81871bcc-3f90-4c63-8f2a-da8a0af7e27b","2021-09-02T17:31:13.542403+00:00","2021-09-02T17:31:13.542437+00:00","staff_discharged_group_admission","{\"staff_id\":\"0578cbc9-7690-4cd1-8e87-1405a5fc1a6b\",\"group_admission_id\":\"dc9e3168-8ba9-4797-838d-347dc058adb0\"}","UTC","d387a619-150c-40c1-a508-68a642f02fb8"
"81871bcc-3f90-4c63-8f2a-da8a0af7e27b","2021-09-02T17:31:12.800368+00:00","2021-09-02T17:31:12.800401+00:00","staff_discharged_group_admission","{\"staff_id\":\"0578cbc9-7690-4cd1-8e87-1405a5fc1a6b\",\"group_admission_id\":\"047f4d0c-85ca-466d-a563-31184949c2de\"}","UTC","cba923bc-99ed-4c95-9e1b-a627168ef4c3"
"81871bcc-3f90-4c63-8f2a-da8a0af7e27b","2021-09-02T17:31:12.061710+00:00","2021-09-02T17:31:12.061742+00:00","staff_discharged_member_admission","{\"staff_id\":\"0578cbc9-7690-4cd1-8e87-1405a5fc1a6b\",\"admission_id\":\"42453756-8010-4da1-90d3-162ef5ef3bcb\"}","UTC","fda7fbd6-9c25-4b3b-9981-4a2c2a639dcd"
"81871bcc-3f90-4c63-8f2a-da8a0af7e27b","2021-09-02T17:31:11.094566+00:00","2021-09-02T17:31:11.094592+00:00","staff_edited_member_admission","{\"staff_id\":\"0578cbc9-7690-4cd1-8e87-1405a5fc1a6b\",\"patient_id\":\"21278058-123b-4508-b211-03bdce27f0ba\"}","America/Denver","5fe642b3-77e5-404e-8350-cd9d2fab2cbe"
"7f67e560-6ff4-4602-b176-4a3bb8685f2e","2021-09-02T17:28:54.989835+00:00","2021-09-02T17:28:54.989862+00:00","user_opened_app","{}","America/Denver","408edc90-3a4f-47e0-8fd1-4c8f5bd80fe1"
"7f67e560-6ff4-4602-b176-4a3bb8685f2e","2021-09-02T17:28:30.936575+00:00","2021-09-02T17:28:30.936601+00:00","user_opened_app","{}","America/Denver","b489f027-8777-4ac7-a01e-0eedf566a81d"
"7f67e560-6ff4-4602-b176-4a3bb8685f2e","2021-09-02T17:23:12.419603+00:00","2021-09-02T17:23:12.419630+00:00","user_opened_app","{}","America/Denver","addf82ee-e3ff-477b-8e48-9ea444f17677"
"f1578054-3262-4fa7-b075-9d175c695397","2021-09-02T17:18:42.131832+00:00","2021-09-02T17:18:42.131867+00:00","user_viewed_directory","{}","America/Los_Angeles","2879c541-e980-4bca-9483-55d5f8cb3546"
"f1578054-3262-4fa7-b075-9d175c695397","2021-09-02T17:18:39.295070+00:00","2021-09-02T17:18:39.295098+00:00","user_viewed_contacts","{}","America/Los_Angeles","559fff6d-f53b-443e-b99c-e4f284be3f96"
"f1578054-3262-4fa7-b075-9d175c695397","2021-09-02T17:18:28.024920+00:00","2021-09-02T17:18:28.024952+00:00","user_viewed_settings","{}","America/Los_Angeles","59bde618-c41f-4a28-87e7-8802e57ce8cd"
"7f67e560-6ff4-4602-b176-4a3bb8685f2e","2021-09-02T17:14:04.462395+00:00","2021-09-02T17:14:04.462423+00:00","user_opened_app","{}","America/Denver","3e06b556-0e54-4bd2-8c4f-cedc98aedbf9"
"7f67e560-6ff4-4602-b176-4a3bb8685f2e","2021-09-02T17:14:04.455337+00:00","2021-09-02T17:14:04.455381+00:00","user_opened_app","{}","America/Denver","abc7c383-8d70-43e0-8250-135c5a68ad25"
"7f67e560-6ff4-4602-b176-4a3bb8685f2e","2021-09-02T17:08:55.366106+00:00","2021-09-02T17:08:55.366137+00:00","user_completed_habit","{\"habit_id\":\"4d765364-7b0f-4b74-a3b0-a44983364cf3\"}","America/Denver","1f6657c6-f558-4512-abdb-d3bb34de6ecb"
"81871bcc-3f90-4c63-8f2a-da8a0af7e27b","2021-09-02T17:08:06.447885+00:00","2021-09-02T17:08:06.447915+00:00","staff_updated_member_habits","{\"staff_id\":\"0578cbc9-7690-4cd1-8e87-1405a5fc1a6b\",\"patient_id\":\"21278058-123b-4508-b211-03bdce27f0ba\"}","America/Denver","03f4e14d-d0b5-4eb7-a985-9ca1602013a9"
"7f67e560-6ff4-4602-b176-4a3bb8685f2e","2021-09-02T17:07:41.035024+00:00","2021-09-02T17:07:41.035055+00:00","user_updated_habits","{}","America/Denver","1e74ceb1-3b75-442c-826b-93afd9d88157"
"81871bcc-3f90-4c63-8f2a-da8a0af7e27b","2021-09-02T17:07:20.451219+00:00","2021-09-02T17:07:20.451259+00:00","staff_updated_member_habits","{\"staff_id\":\"0578cbc9-7690-4cd1-8e87-1405a5fc1a6b\",\"patient_id\":\"21278058-123b-4508-b211-03bdce27f0ba\"}","America/Denver","fd4e36d0-be07-439c-9adb-a3a8c50a4a3c"
"7f67e560-6ff4-4602-b176-4a3bb8685f2e","2021-09-02T17:07:00.128773+00:00","2021-09-02T17:07:00.128814+00:00","user_updated_habits","{}","America/Denver","016c6b83-82f6-4350-8cee-3b54d1dbf5d7"
"81871bcc-3f90-4c63-8f2a-da8a0af7e27b","2021-09-02T17:06:45.892124+00:00","2021-09-02T17:06:45.892158+00:00","staff_updated_member_habits","{\"staff_id\":\"0578cbc9-7690-4cd1-8e87-1405a5fc1a6b\",\"patient_id\":\"21278058-123b-4508-b211-03bdce27f0ba\"}","America/Denver","c103caee-af0b-4b36-9f02-5d51a6416b0c"
"81871bcc-3f90-4c63-8f2a-da8a0af7e27b","2021-09-02T17:06:34.415027+00:00","2021-09-02T17:06:34.415052+00:00","staff_updated_member_habits","{\"staff_id\":\"0578cbc9-7690-4cd1-8e87-1405a5fc1a6b\",\"patient_id\":\"21278058-123b-4508-b211-03bdce27f0ba\"}","America/Denver","9f4a3431-fc6d-466f-86b4-f5e80b439c95"
"81871bcc-3f90-4c63-8f2a-da8a0af7e27b","2021-09-02T17:06:17.953647+00:00","2021-09-02T17:06:17.953674+00:00","staff_updated_member_habits","{\"staff_id\":\"0578cbc9-7690-4cd1-8e87-1405a5fc1a6b\",\"patient_id\":\"21278058-123b-4508-b211-03bdce27f0ba\"}","America/Denver","7e5828ca-28ba-48b2-a01d-8e87f2bf5bc1"
"7f67e560-6ff4-4602-b176-4a3bb8685f2e","2021-09-02T17:05:43.961749+00:00","2021-09-02T17:05:43.961785+00:00","user_opened_app","{}","America/Denver","e0fe6895-20a9-4e3a-be98-af9992053af8"
"81871bcc-3f90-4c63-8f2a-da8a0af7e27b","2021-09-02T16:59:53.038511+00:00","2021-09-02T16:59:53.038538+00:00","staff_updated_member_habits","{\"staff_id\":\"0578cbc9-7690-4cd1-8e87-1405a5fc1a6b\",\"patient_id\":\"21278058-123b-4508-b211-03bdce27f0ba\"}","America/Denver","7c51bae9-4ece-4dcd-8197-a7a8972565e3"
"81871bcc-3f90-4c63-8f2a-da8a0af7e27b","2021-09-02T16:59:24.709828+00:00","2021-09-02T16:59:24.709854+00:00","staff_updated_member_habits","{\"staff_id\":\"0578cbc9-7690-4cd1-8e87-1405a5fc1a6b\",\"patient_id\":\"21278058-123b-4508-b211-03bdce27f0ba\"}","America/Denver","df305411-0a63-4c2d-868b-76149719b599"
"81871bcc-3f90-4c63-8f2a-da8a0af7e27b","2021-09-02T16:58:37.142097+00:00","2021-09-02T16:58:37.142142+00:00","staff_updated_member_habits","{\"staff_id\":\"0578cbc9-7690-4cd1-8e87-1405a5fc1a6b\",\"patient_id\":\"21278058-123b-4508-b211-03bdce27f0ba\"}","America/Denver","1f4990b9-dc40-4419-b9ee-688f011187c5"
"7f67e560-6ff4-4602-b176-4a3bb8685f2e","2021-09-02T16:58:32.863065+00:00","2021-09-02T16:58:32.863093+00:00","user_opened_app","{}","America/Denver","0cd93242-8a4b-4377-a7ae-81367999e2bd"
"7f67e560-6ff4-4602-b176-4a3bb8685f2e","2021-09-02T16:53:08.720488+00:00","2021-09-02T16:53:08.720521+00:00","user_earned_badge_progress","{\"badge_id\":\"ba0a1df7-97da-4dac-9caf-ca889fcb6781\"}","UTC","a28ce2f3-06cd-4023-9500-bd73bf475014"
"7f67e560-6ff4-4602-b176-4a3bb8685f2e","2021-09-02T16:53:06.138418+00:00","2021-09-02T16:53:06.138453+00:00","user_added_checkin","{\"states\":[\"LIVING_SOBER\"]}","America/Denver","5b50294c-2fb0-4d84-9baf-b66a9f904dce"
"7f67e560-6ff4-4602-b176-4a3bb8685f2e","2021-09-02T16:53:02.845830+00:00","2021-09-02T16:53:02.845860+00:00","user_viewed_checkin","{}","America/Denver","376b2559-f2bc-4145-bee9-93140ae12dfa"
"7f67e560-6ff4-4602-b176-4a3bb8685f2e","2021-09-02T16:51:39.731892+00:00","2021-09-02T16:51:39.731922+00:00","user_completed_habit","{\"habit_id\":\"7328f1aa-6c9c-465c-8247-930456ac79e1\"}","America/Denver","8c5b8293-ec61-4e76-b117-1b661374255a"
"7f67e560-6ff4-4602-b176-4a3bb8685f2e","2021-09-02T16:46:59.058418+00:00","2021-09-02T16:46:59.058448+00:00","user_completed_habit","{\"habit_id\":\"7328f1aa-6c9c-465c-8247-930456ac79e1\"}","America/Denver","b551c416-4a36-48d6-ac40-6c313b1f4655"
"7f67e560-6ff4-4602-b176-4a3bb8685f2e","2021-09-02T16:45:55.214977+00:00","2021-09-02T16:45:55.215010+00:00","user_completed_habit","{\"habit_id\":\"0d2b96dd-25de-461a-8367-e95d3395e0f5\"}","America/Denver","7caf9df2-c6bc-4247-b29a-044019b3d9c4"
"7f67e560-6ff4-4602-b176-4a3bb8685f2e","2021-09-02T16:45:39.567664+00:00","2021-09-02T16:45:39.567705+00:00","user_completed_habit","{\"habit_id\":\"7328f1aa-6c9c-465c-8247-930456ac79e1\"}","America/Denver","733fcd6d-52c7-4e71-820d-c5dc218c63fa"
"7f67e560-6ff4-4602-b176-4a3bb8685f2e","2021-09-02T16:43:37.865049+00:00","2021-09-02T16:43:37.865081+00:00","user_opened_app","{}","America/Denver","237e8669-607e-4a8e-9a16-7bcaaa3e33a9"
"f1578054-3262-4fa7-b075-9d175c695397","2021-09-02T16:37:21.625565+00:00","2021-09-02T16:37:21.625591+00:00","user_updated_habits","{}","America/Los_Angeles","3616dd0c-d0b4-433b-9b1d-17c54fa65242"
"f1578054-3262-4fa7-b075-9d175c695397","2021-09-02T16:35:19.658935+00:00","2021-09-02T16:35:19.658966+00:00","user_completed_habit","{\"habit_id\":\"e552618a-f1bd-4b06-897b-720cf6b63921\"}","America/Los_Angeles","d30be641-6621-479e-8139-8cfe4a86770c"
"f1578054-3262-4fa7-b075-9d175c695397","2021-09-02T16:35:10.487519+00:00","2021-09-02T16:35:10.487547+00:00","user_completed_habit","{\"habit_id\":\"0d2b96dd-25de-461a-8367-e95d3395e0f5\"}","America/Los_Angeles","6a8855b2-399b-46b7-add3-c218d3d07f03"
"f1578054-3262-4fa7-b075-9d175c695397","2021-09-02T16:35:05.093835+00:00","2021-09-02T16:35:05.093931+00:00","user_added_checkin","{\"states\":[\"LONELY\"]}","America/Los_Angeles","c3929008-8972-4fc4-b828-357947aa5a6c"
"f1578054-3262-4fa7-b075-9d175c695397","2021-09-02T16:34:58.834615+00:00","2021-09-02T16:34:58.834647+00:00","user_viewed_checkin","{}","America/Los_Angeles","23f6c5c2-0da7-4a47-8383-43c2dcb44fa4"
"f1578054-3262-4fa7-b075-9d175c695397","2021-09-02T16:34:32.578808+00:00","2021-09-02T16:34:32.578843+00:00","user_opened_app","{}","America/Los_Angeles","f8a979a3-d341-492f-975f-d15435d4b026"
"7f67e560-6ff4-4602-b176-4a3bb8685f2e","2021-09-02T14:52:18.267676+00:00","2021-09-02T14:52:18.267705+00:00","user_viewed_badges","{}","America/Denver","e66b8858-6f65-4716-b68d-22b6b4a07a61"
"7f67e560-6ff4-4602-b176-4a3bb8685f2e","2021-09-02T14:51:41.248448+00:00","2021-09-02T14:51:41.248481+00:00","user_viewed_badges","{}","America/Denver","5d4368e7-2fd9-4260-aecf-63aadec0f89e"
"7f67e560-6ff4-4602-b176-4a3bb8685f2e","2021-09-02T14:50:11.657699+00:00","2021-09-02T14:50:11.657733+00:00","user_viewed_badges","{}","America/Denver","dfe3e9da-6094-459f-9496-bbfca81b2e1b"
"7f67e560-6ff4-4602-b176-4a3bb8685f2e","2021-09-02T14:26:23.295233+00:00","2021-09-02T14:26:23.295501+00:00","user_viewed_resources","{}","America/Denver","68fa111a-b257-4f97-8617-35aaf3dcc010"
"7f67e560-6ff4-4602-b176-4a3bb8685f2e","2021-09-02T14:25:23.366093+00:00","2021-09-02T14:25:23.366125+00:00","user_viewed_badges","{}","America/Denver","85086f01-76cf-4717-96f2-513e14b24532"
"7f67e560-6ff4-4602-b176-4a3bb8685f2e","2021-09-02T14:25:17.379443+00:00","2021-09-02T14:25:17.379468+00:00","user_viewed_channel_detail","{}","America/Denver","e9d8b0a7-4057-4522-9089-4cf755bcc0ac"
"7f67e560-6ff4-4602-b176-4a3bb8685f2e","2021-09-02T14:25:06.966983+00:00","2021-09-02T14:25:06.967019+00:00","user_viewed_chat","{}","America/Denver","df581544-11ab-4924-9bf2-90b66a1f5c05"
"7f67e560-6ff4-4602-b176-4a3bb8685f2e","2021-09-02T14:25:04.841435+00:00","2021-09-02T14:25:04.841465+00:00","user_viewed_chat","{}","America/Denver","ec282aa4-5d2c-41e2-ae6d-46a1ce277752"
"7f67e560-6ff4-4602-b176-4a3bb8685f2e","2021-09-02T14:24:58.966119+00:00","2021-09-02T14:24:58.966148+00:00","user_viewed_conversations","{}","America/Denver","c027f386-a80d-4d8b-bee5-4753b2dd6fec"
"7f67e560-6ff4-4602-b176-4a3bb8685f2e","2021-09-02T14:16:41.158648+00:00","2021-09-02T14:16:41.158677+00:00","user_opened_app","{}","America/Denver","377e5003-c592-411f-8213-0d9bc7235095"
"f1578054-3262-4fa7-b075-9d175c695397","2021-09-02T01:05:39.713426+00:00","2021-09-02T01:05:39.713453+00:00","user_updated_habits","{}","America/Los_Angeles","ec97627b-3eab-4074-af19-5b60ce9f08cd"
"f1578054-3262-4fa7-b075-9d175c695397","2021-09-02T01:05:34.478255+00:00","2021-09-02T01:05:34.478285+00:00","user_updated_habits","{}","America/Los_Angeles","e685116e-7961-4faf-bb88-be5dff79c5ac"
"f1578054-3262-4fa7-b075-9d175c695397","2021-09-02T01:05:24.401162+00:00","2021-09-02T01:05:24.401191+00:00","user_updated_habits","{}","America/Los_Angeles","681dd59e-66bf-4023-a494-03c5c5782d16"
"f1578054-3262-4fa7-b075-9d175c695397","2021-09-02T01:05:18.553165+00:00","2021-09-02T01:05:18.553195+00:00","user_updated_habits","{}","America/Los_Angeles","effeaf9d-ddfc-4a61-a064-5e9b5f826705"
"f1578054-3262-4fa7-b075-9d175c695397","2021-09-02T01:05:11.464393+00:00","2021-09-02T01:05:11.464420+00:00","user_updated_habits","{}","America/Los_Angeles","26f2ebdc-4e41-4070-b173-a9b829a4b6e6"
"f1578054-3262-4fa7-b075-9d175c695397","2021-09-02T01:04:57.504070+00:00","2021-09-02T01:04:57.504108+00:00","user_updated_habits","{}","America/Los_Angeles","8c2136b5-43c7-48bb-ae27-df26e93c29c4"
"f1578054-3262-4fa7-b075-9d175c695397","2021-09-02T01:04:42.174789+00:00","2021-09-02T01:04:42.174818+00:00","user_updated_habits","{}","America/Los_Angeles","cee2e07a-80cc-40e1-b401-da1a1a5533fb"
"f1578054-3262-4fa7-b075-9d175c695397","2021-09-02T01:04:27.248149+00:00","2021-09-02T01:04:27.248181+00:00","user_updated_habits","{}","America/Los_Angeles","122b78f2-25df-45d7-9919-d8fe66bf9ea6"
"f1578054-3262-4fa7-b075-9d175c695397","2021-09-02T01:04:24.911896+00:00","2021-09-02T01:04:24.911924+00:00","user_updated_habits","{}","America/Los_Angeles","06945404-3cce-482f-9517-b80fd0639abd"
"f1578054-3262-4fa7-b075-9d175c695397","2021-09-02T01:04:21.907862+00:00","2021-09-02T01:04:21.907887+00:00","user_updated_habits","{}","America/Los_Angeles","dd0d41d5-92e8-445d-ac55-27d2acb9205e"
"f1578054-3262-4fa7-b075-9d175c695397","2021-09-02T01:04:06.869671+00:00","2021-09-02T01:04:06.869709+00:00","user_opened_app","{}","America/Los_Angeles","ebe87043-d945-47e1-a7e7-a09b3e37de8b"
"f1578054-3262-4fa7-b075-9d175c695397","2021-09-02T01:03:51.260074+00:00","2021-09-02T01:03:51.260107+00:00","user_opened_app","{}","America/Los_Angeles","de479d33-e160-4c3b-b719-7b8e86926361"
"7f67e560-6ff4-4602-b176-4a3bb8685f2e","2021-09-02T00:22:27.416669+00:00","2021-09-02T00:22:27.416699+00:00","user_updated_habits","{}","America/Denver","1ece46e1-983a-4062-a6a2-a43cecb8e2e8"
"f1578054-3262-4fa7-b075-9d175c695397","2021-09-02T00:20:44.419699+00:00","2021-09-02T00:20:44.419727+00:00","user_updated_habits","{}","America/Los_Angeles","4676066a-6ec0-4ec0-9b51-9d590491ab84"
"7f67e560-6ff4-4602-b176-4a3bb8685f2e","2021-09-02T00:20:41.317055+00:00","2021-09-02T00:20:41.317085+00:00","user_completed_habit","{\"habit_id\":\"beffbb46-39c9-4b3f-a440-d519ac56e485\"}","America/Denver","cdb28931-32f5-4176-8549-982bf2f6efb5"
"f1578054-3262-4fa7-b075-9d175c695397","2021-09-02T00:20:31.176932+00:00","2021-09-02T00:20:31.176969+00:00","user_updated_habits","{}","America/Los_Angeles","a367d8c7-8879-46b7-bc85-5fb691c5f1a3"
"f1578054-3262-4fa7-b075-9d175c695397","2021-09-02T00:20:21.760766+00:00","2021-09-02T00:20:21.760795+00:00","user_completed_habit","{\"habit_id\":\"7328f1aa-6c9c-465c-8247-930456ac79e1\"}","America/Los_Angeles","69475c24-a3a0-48de-b680-393999b7989c"
"f1578054-3262-4fa7-b075-9d175c695397","2021-09-02T00:20:16.071505+00:00","2021-09-02T00:20:16.071539+00:00","user_added_checkin","{\"states\":[\"TIRED\"]}","America/Los_Angeles","4986d8fd-1c6f-4d75-9fee-470fa719a1a8"
"f1578054-3262-4fa7-b075-9d175c695397","2021-09-02T00:20:12.621152+00:00","2021-09-02T00:20:12.621179+00:00","user_viewed_checkin","{}","America/Los_Angeles","f7d2e96c-74cc-4168-9406-3caf8a7d9d5d"
"7f67e560-6ff4-4602-b176-4a3bb8685f2e","2021-09-02T00:19:58.657351+00:00","2021-09-02T00:19:58.657380+00:00","user_updated_habits","{}","America/Denver","25b58fa8-ed9f-4752-987e-47e136a3f4ea"
"f1578054-3262-4fa7-b075-9d175c695397","2021-09-02T00:19:56.146841+00:00","2021-09-02T00:19:56.146880+00:00","user_opened_app","{}","America/Los_Angeles","ba333735-7a11-4f02-85ce-c142240e2995"
"f1578054-3262-4fa7-b075-9d175c695397","2021-09-02T00:19:44.718175+00:00","2021-09-02T00:19:44.718203+00:00","user_updated_habits","{}","America/Los_Angeles","c5b47ebe-61a1-49a6-9b07-18d273b018f4"
"f1578054-3262-4fa7-b075-9d175c695397","2021-09-02T00:19:38.805085+00:00","2021-09-02T00:19:38.805114+00:00","user_updated_habits","{}","America/Los_Angeles","47a861c8-b6d6-42c9-890b-f0a548825fa4"
"f1578054-3262-4fa7-b075-9d175c695397","2021-09-02T00:18:41.072372+00:00","2021-09-02T00:18:41.072401+00:00","user_viewed_checkin","{}","America/Los_Angeles","bd165c36-6e25-4132-8d10-d4f6f41db1be"
"f1578054-3262-4fa7-b075-9d175c695397","2021-09-02T00:18:24.570458+00:00","2021-09-02T00:18:24.570485+00:00","user_opened_app","{}","America/Los_Angeles","46ed9307-47bf-47b8-a3ae-18b24021a440"
"7f67e560-6ff4-4602-b176-4a3bb8685f2e","2021-09-02T00:18:09.126487+00:00","2021-09-02T00:18:09.126524+00:00","user_viewed_settings","{}","America/Denver","5531622d-d04e-4119-ae8a-d2c68fdfc8e7"
"f1578054-3262-4fa7-b075-9d175c695397","2021-09-02T00:18:08.522795+00:00","2021-09-02T00:18:08.522824+00:00","user_opened_app","{}","America/Los_Angeles","b15ccb57-4786-4f9f-87e5-63893a1e2c82"
"f1578054-3262-4fa7-b075-9d175c695397","2021-09-02T00:17:31.389867+00:00","2021-09-02T00:17:31.389894+00:00","user_opened_app","{}","America/Los_Angeles","5a663d97-1c1c-4679-a50e-21778ed1be73"
"7f67e560-6ff4-4602-b176-4a3bb8685f2e","2021-09-02T00:17:19.993711+00:00","2021-09-02T00:17:19.993739+00:00","user_viewed_chat","{}","America/Denver","aeb91726-8215-47ec-94db-08330995cf4b"
"7f67e560-6ff4-4602-b176-4a3bb8685f2e","2021-09-02T00:17:04.373411+00:00","2021-09-02T00:17:04.373437+00:00","user_viewed_badges","{}","America/Denver","d7c9ecd2-aa60-4edb-872f-de54e77798ca"
"7f67e560-6ff4-4602-b176-4a3bb8685f2e","2021-09-02T00:16:59.777990+00:00","2021-09-02T00:16:59.778025+00:00","user_viewed_story","{}","America/Denver","f5877d0a-75d9-4160-b681-fb4c01a20fbe"
"7f67e560-6ff4-4602-b176-4a3bb8685f2e","2021-09-02T00:16:51.904815+00:00","2021-09-02T00:16:51.904839+00:00","user_viewed_stories","{}","America/Denver","03c1e359-647d-48be-b93b-390edb92a549"
"7f67e560-6ff4-4602-b176-4a3bb8685f2e","2021-09-02T00:16:38.743103+00:00","2021-09-02T00:16:38.743130+00:00","user_viewed_resources","{}","America/Denver","081a301f-5a10-4ddb-9161-8df3d7493ce9"
"7f67e560-6ff4-4602-b176-4a3bb8685f2e","2021-09-02T00:16:28.880769+00:00","2021-09-02T00:16:28.880803+00:00","user_viewed_add_meeting","{}","America/Denver","64fec95b-0ebd-4db2-a0d8-6f8f50fe0c6b"
"7f67e560-6ff4-4602-b176-4a3bb8685f2e","2021-09-02T00:16:23.251860+00:00","2021-09-02T00:16:23.251888+00:00","user_viewed_my_meetings","{}","America/Denver","52d72f93-f332-47f3-83da-2e138e91b56c"
"7f67e560-6ff4-4602-b176-4a3bb8685f2e","2021-09-02T00:16:14.766377+00:00","2021-09-02T00:16:14.766405+00:00","user_viewed_checkin","{}","America/Denver","642c195d-5007-4e2e-ae31-e14371f93565"
"7f67e560-6ff4-4602-b176-4a3bb8685f2e","2021-09-02T00:16:08.264405+00:00","2021-09-02T00:16:08.264436+00:00","user_viewed_directory","{}","America/Denver","2b1671b8-6cc4-4060-a9b7-79df67a28152"
"7f67e560-6ff4-4602-b176-4a3bb8685f2e","2021-09-02T00:16:05.195763+00:00","2021-09-02T00:16:05.195789+00:00","user_viewed_contacts","{}","America/Denver","b68d6e4e-09ac-44f0-91c9-61a5c58ef1a0"
"f1578054-3262-4fa7-b075-9d175c695397","2021-09-02T00:14:14.163602+00:00","2021-09-02T00:14:14.163631+00:00","user_opened_app","{}","America/Los_Angeles","40f56aea-d7bb-4b1a-bce8-0a123a44a3a5"
"f1578054-3262-4fa7-b075-9d175c695397","2021-09-02T00:13:55.891829+00:00","2021-09-02T00:13:55.891855+00:00","user_opened_app","{}","America/Los_Angeles","00d6efa4-8351-46e5-996d-df0d33a60c1b"
"f1578054-3262-4fa7-b075-9d175c695397","2021-09-02T00:13:47.594028+00:00","2021-09-02T00:13:47.594053+00:00","user_opened_app","{}","America/Los_Angeles","b800731a-52d4-4d47-9a89-a89f706f98e8"
"f1578054-3262-4fa7-b075-9d175c695397","2021-09-02T00:13:42.112199+00:00","2021-09-02T00:13:42.112229+00:00","user_earned_badge_progress","{\"badge_id\":\"6905a4d9-6349-4a08-ac83-de2138d83602\"}","UTC","1173a648-629b-4fa3-a734-268aa62d4c1c"
"f1578054-3262-4fa7-b075-9d175c695397","2021-09-02T00:13:41.237713+00:00","2021-09-02T00:13:41.237741+00:00","user_earned_badge_progress","{\"badge_id\":\"ba0a1df7-97da-4dac-9caf-ca889fcb6781\"}","UTC","7606720b-6414-4f83-8a52-8e9f48001574"
"f1578054-3262-4fa7-b075-9d175c695397","2021-09-02T00:13:39.194494+00:00","2021-09-02T00:13:39.194523+00:00","user_viewed_checkin","{}","America/Los_Angeles","f3e4301e-3961-4186-8ad3-6a3d544e201a"
"f1578054-3262-4fa7-b075-9d175c695397","2021-09-02T00:13:37.198875+00:00","2021-09-02T00:13:37.198905+00:00","user_added_checkin","{\"states\":[\"BORED\"]}","America/Los_Angeles","0c960822-f151-48a1-be30-311734ac5cb7"
"f1578054-3262-4fa7-b075-9d175c695397","2021-09-02T00:13:34.437777+00:00","2021-09-02T00:13:34.437804+00:00","user_viewed_checkin","{}","America/Los_Angeles","76cc4538-5e4b-4dad-8abf-d40d833fbfdc"
"f1578054-3262-4fa7-b075-9d175c695397","2021-09-02T00:13:28.907709+00:00","2021-09-02T00:13:28.907739+00:00","user_updated_habits","{}","America/Los_Angeles","e17de48d-f546-44b8-9a00-bec89a097908"
"f1578054-3262-4fa7-b075-9d175c695397","2021-09-02T00:13:08.981658+00:00","2021-09-02T00:13:08.981683+00:00","user_opened_app","{}","America/Los_Angeles","e318ca47-e6e8-4c12-810e-be34ff6f1956"
"f1578054-3262-4fa7-b075-9d175c695397","2021-09-02T00:12:56.652720+00:00","2021-09-02T00:12:56.652750+00:00","user_viewed_checkin","{}","America/Los_Angeles","9bb4de5f-e017-4a7e-8b7c-e88f116de32f"
"f1578054-3262-4fa7-b075-9d175c695397","2021-09-02T00:12:54.264081+00:00","2021-09-02T00:12:54.264108+00:00","user_opened_app","{}","America/Los_Angeles","4805955f-94df-4af4-80ce-760490900dba"
"7f67e560-6ff4-4602-b176-4a3bb8685f2e","2021-09-02T00:09:36.026712+00:00","2021-09-02T00:09:36.026740+00:00","user_created_message","{}","America/Denver","2be78e6c-825e-4168-ac14-dfe259d39fee"
"f1578054-3262-4fa7-b075-9d175c695397","2021-09-02T00:09:35.087166+00:00","2021-09-02T00:09:35.087190+00:00","user_opened_app","{}","America/Los_Angeles","a44bb4fb-88cd-47d7-8bf8-99a48a16ea8e"
"f1578054-3262-4fa7-b075-9d175c695397","2021-09-02T00:06:57.654203+00:00","2021-09-02T00:06:57.654232+00:00","user_opened_app","{}","America/Los_Angeles","b9a634be-de50-41fb-8200-c70d53f10779"
"f1578054-3262-4fa7-b075-9d175c695397","2021-09-02T00:03:04.015380+00:00","2021-09-02T00:03:04.015408+00:00","user_updated_habits","{}","America/Los_Angeles","ffd49375-8ba7-4c74-a165-95ba2a553459"
"f1578054-3262-4fa7-b075-9d175c695397","2021-09-02T00:02:54.906427+00:00","2021-09-02T00:02:54.906451+00:00","user_viewed_checkin","{}","America/Los_Angeles","5fb43f88-e3e4-4a7e-8fb9-04bdf4d1608a"
"f1578054-3262-4fa7-b075-9d175c695397","2021-09-02T00:02:48.001704+00:00","2021-09-02T00:02:48.001730+00:00","user_viewed_checkin","{}","America/Los_Angeles","f078b41b-3712-4cd4-bf09-e9c70f7c172d"
"f1578054-3262-4fa7-b075-9d175c695397","2021-09-02T00:00:21.835929+00:00","2021-09-02T00:00:21.835956+00:00","user_viewed_checkin","{}","America/Los_Angeles","a7735d8a-f26e-4d37-9945-f06f1cf247b3"
"f1578054-3262-4fa7-b075-9d175c695397","2021-09-02T00:00:10.831190+00:00","2021-09-02T00:00:10.831219+00:00","user_opened_app","{}","America/Los_Angeles","c6cb7417-748f-49ef-b593-10d75e766638"